DepMap_ID,0,1
ACH-000001,-0.22529663,-0.24388471
ACH-000004,-1.634339,-2.143422
ACH-000005,-1.570878,-1.8113945
ACH-000007,-0.8313376,-1.0394747
ACH-000009,0.38932148,-0.56874937
ACH-000011,1.6574005,0.2937532
ACH-000012,-0.5826909,1.0882484
ACH-000013,-0.16996041,0.105846755
ACH-000015,-0.68389255,-0.83222467
ACH-000017,-0.10750676,-0.6219209
ACH-000018,1.5952322,0.35921034
ACH-000019,-0.7804518,-0.7674964
ACH-000021,-0.6669493,0.35143393
ACH-000022,-0.8346139,-0.08491267
ACH-000023,0.5079427,1.1614805
ACH-000024,-1.485629,-2.146778
ACH-000025,1.5261216,0.4618327
ACH-000028,-0.7045791,-0.33786318
ACH-000029,-0.28684178,0.3201002
ACH-000030,1.012521,0.33199048
ACH-000035,0.39348966,0.9667133
ACH-000036,1.7017034,0.24070857
ACH-000037,0.22254644,1.4586474
ACH-000039,-0.54519737,0.27236784
ACH-000040,1.659883,0.33628517
ACH-000041,-0.7468513,-0.5817102
ACH-000042,0.85895115,0.442051
ACH-000045,-1.7366784,-1.8721961
ACH-000048,-0.41799545,0.4291736
ACH-000052,-0.17461064,-0.44640693
ACH-000053,-1.7072021,-1.8049233
ACH-000054,1.0150658,0.860597
ACH-000055,-0.7873552,0.9636212
ACH-000060,1.023954,0.63509846
ACH-000067,0.8165072,0.5928952
ACH-000070,-1.6253012,-1.9833542
ACH-000074,-1.5173756,-1.4276448
ACH-000075,0.6416546,0.291024
ACH-000076,-1.6930735,-2.1140256
ACH-000077,-0.9753057,-0.8852174
ACH-000078,-1.5954983,-1.7477773
ACH-000082,1.6637173,0.22188707
ACH-000085,-0.20144244,-0.41123417
ACH-000086,0.7922749,0.3784816
ACH-000087,-0.26172286,-0.47026044
ACH-000092,1.7670118,-0.07657274
ACH-000093,0.6821115,-0.442692
ACH-000094,-0.6328429,0.11049341
ACH-000095,-0.6989201,-0.51641065
ACH-000096,-0.63189703,1.0109612
ACH-000097,-0.34699968,-0.44634417
ACH-000098,1.7403497,0.16221115
ACH-000099,-1.7835677,-1.8554819
ACH-000101,-1.6199876,-1.7389816
ACH-000103,0.40977603,-0.4599292
ACH-000108,0.8844272,0.55664957
ACH-000111,-0.83890575,0.3212462
ACH-000113,-1.7633029,-1.9088266
ACH-000114,0.5318191,0.33763197
ACH-000115,-0.71698284,-0.6174254
ACH-000116,-0.15525052,0.38502958
ACH-000118,0.51873475,0.6088176
ACH-000120,-0.08333473,1.0421797
ACH-000123,-0.6004668,0.8158063
ACH-000124,-1.5218179,-2.011348
ACH-000127,1.0920582,0.32087338
ACH-000128,0.59768474,0.94359833
ACH-000132,1.7276077,0.02746774
ACH-000133,1.0628306,0.62516314
ACH-000137,0.6588328,0.43396327
ACH-000138,1.5667769,0.46181598
ACH-000139,0.74842423,0.7560655
ACH-000141,0.96831506,-0.42350793
ACH-000142,0.8273683,-0.1594004
ACH-000143,-0.6754155,-0.3690194
ACH-000144,1.008342,-0.35993707
ACH-000145,0.09981502,1.5129601
ACH-000146,-1.7158762,-1.9387043
ACH-000147,-0.1887816,-0.33982247
ACH-000148,0.3608357,1.3579594
ACH-000149,0.3230072,1.1188278
ACH-000150,0.61923534,-0.35006163
ACH-000151,-1.5834861,-1.658214
ACH-000152,1.558038,0.12920135
ACH-000153,0.2097491,1.6362078
ACH-000155,0.8692307,0.5963532
ACH-000159,0.51197237,1.137185
ACH-000160,0.56969786,-0.58224744
ACH-000161,0.48219585,0.9065486
ACH-000163,0.76226115,1.0755774
ACH-000164,-0.22202678,1.3216088
ACH-000167,-1.6158723,-1.8380798
ACH-000168,-1.55547,-1.7341372
ACH-000169,-0.09653275,0.9698773
ACH-000172,-0.6142996,0.82381177
ACH-000174,1.9273748,0.1033293
ACH-000176,0.051253054,1.4465187
ACH-000178,1.13191,0.4266845
ACH-000181,0.26398414,0.72066504
ACH-000182,-0.12980714,0.30822083
ACH-000183,-1.6436499,-2.1804366
ACH-000187,-1.5577055,-1.5333995
ACH-000188,0.1639101,0.14883874
ACH-000189,0.17746449,1.3928885
ACH-000190,0.3555307,1.170827
ACH-000191,0.6351941,0.6440933
ACH-000192,-0.024708297,-0.41025305
ACH-000195,-1.7198641,-1.8672848
ACH-000198,-1.8375503,-1.9538828
ACH-000200,1.6168036,0.44442567
ACH-000202,-0.32271722,-0.45011958
ACH-000204,-1.5606549,-1.9124395
ACH-000206,-1.537117,-1.652988
ACH-000207,0.3325328,1.0484345
ACH-000209,1.2807885,0.0807748
ACH-000211,1.0675822,0.5087741
ACH-000212,1.6586952,0.19935924
ACH-000213,-0.733664,0.18592015
ACH-000215,0.7502886,0.67317635
ACH-000217,-0.044553522,1.4008286
ACH-000219,1.4874231,0.5052484
ACH-000221,-0.6108149,0.035993725
ACH-000222,0.38929832,-0.08224977
ACH-000223,0.2820423,1.0488364
ACH-000226,-0.86455965,-0.84641
ACH-000227,-1.5546862,-1.7597392
ACH-000228,0.25341344,0.75060457
ACH-000231,0.38129392,1.2497075
ACH-000232,1.0603908,0.44696885
ACH-000233,-0.7512702,-0.54458725
ACH-000234,0.6311289,0.9536721
ACH-000235,1.1494137,0.39986584
ACH-000237,0.922748,0.86044854
ACH-000238,0.6056616,0.7660143
ACH-000243,-0.29978764,0.6072458
ACH-000244,1.9553496,0.0028396219
ACH-000246,1.1950802,0.6098229
ACH-000247,-0.20025872,-0.8058795
ACH-000248,-0.14605187,-0.6488607
ACH-000249,0.56037706,-0.57056946
ACH-000250,0.51659393,1.0311129
ACH-000251,0.72252285,0.9666794
ACH-000252,-0.11953309,-1.6588103
ACH-000253,-0.6188506,-0.33516207
ACH-000255,0.27575138,1.478272
ACH-000256,0.19727035,-0.5760617
ACH-000257,-1.6364323,-1.7578427
ACH-000258,-1.6379173,-1.855583
ACH-000259,-1.7961714,-1.9062569
ACH-000260,0.3818161,0.3594344
ACH-000261,0.4013119,1.2428361
ACH-000262,1.8362067,0.08969039
ACH-000263,-1.723874,-1.9704102
ACH-000264,0.7053133,0.47495297
ACH-000265,-0.23685972,0.8761896
ACH-000266,1.7690555,0.07143917
ACH-000269,-0.23433194,1.5979605
ACH-000271,-1.5827888,-2.060824
ACH-000272,0.8238106,0.8214924
ACH-000273,1.4723085,0.0042636497
ACH-000274,1.5880253,0.027141355
ACH-000276,0.28426325,1.2747582
ACH-000277,-0.74010557,-0.5573519
ACH-000278,0.6626171,0.55276996
ACH-000279,-0.33427396,-0.51510656
ACH-000280,0.60847545,-0.5257762
ACH-000281,0.76720667,-0.09183172
ACH-000282,1.1025277,0.40074682
ACH-000286,0.6479723,-0.28982922
ACH-000288,1.4861706,0.22989993
ACH-000290,-1.733729,-1.757832
ACH-000291,-0.16697398,0.03234533
ACH-000292,0.42138538,-0.5675931
ACH-000293,-0.42154595,0.598338
ACH-000294,-1.6342608,-2.1733644
ACH-000295,-1.5738732,-1.60773
ACH-000296,-0.019774396,-0.5470436
ACH-000302,0.9758177,0.5909688
ACH-000303,-0.6949505,0.76106924
ACH-000304,0.5417563,0.97356427
ACH-000305,-0.19556326,-0.016310351
ACH-000307,0.7512089,0.490709
ACH-000308,0.95392567,0.8622744
ACH-000310,-1.5075727,-1.5082138
ACH-000311,-0.9270204,-0.00725673
ACH-000312,-1.5983018,-1.7022029
ACH-000313,1.6289237,-0.027281664
ACH-000315,-1.5856953,-1.8483778
ACH-000316,1.7277173,-0.025540587
ACH-000317,-0.08377745,1.4781691
ACH-000318,0.061944403,1.183833
ACH-000319,0.62195444,1.2482721
ACH-000320,0.34715953,0.6806861
ACH-000322,-0.23221236,0.84116095
ACH-000323,0.03200087,1.5698067
ACH-000324,0.6170916,0.89137226
ACH-000325,-0.84221697,-1.011217
ACH-000326,-1.5389793,-1.6019698
ACH-000329,0.06515134,1.455266
ACH-000330,-0.69795465,0.8211972
ACH-000331,1.4719312,0.21059418
ACH-000332,0.46577582,0.8058309
ACH-000334,-1.7357606,-2.1555424
ACH-000335,-0.19694877,1.5813822
ACH-000336,-1.4841676,-2.0685177
ACH-000337,-0.41053793,-0.73262846
ACH-000339,0.6896198,1.0032798
ACH-000341,-1.5364732,-1.9275389
ACH-000343,-0.36742213,0.6488709
ACH-000344,1.8800199,-0.0465034
ACH-000346,-1.6156723,-1.814553
ACH-000348,1.0411549,0.41325954
ACH-000350,0.36079922,-0.65293795
ACH-000352,-0.5271246,0.7567545
ACH-000354,-0.0019384536,-0.43019062
ACH-000355,-1.7998831,-1.9317228
ACH-000356,-1.4695736,-1.116929
ACH-000359,1.7241714,0.21434146
ACH-000361,0.8710811,0.78598285
ACH-000362,-1.7593865,-1.9703515
ACH-000363,-1.5063943,-2.1474743
ACH-000364,1.6966401,0.16868652
ACH-000365,-1.7049918,-2.0617437
ACH-000366,-1.0821911,-1.1222507
ACH-000367,0.2134946,1.4372518
ACH-000368,1.7240814,0.16273268
ACH-000370,0.55661476,0.68519723
ACH-000371,-1.690839,-2.1322906
ACH-000374,-0.024324734,1.4722759
ACH-000375,-0.27413204,0.49905717
ACH-000376,0.14540824,1.2420005
ACH-000377,0.6592972,-0.33090845
ACH-000378,0.1665048,1.1863194
ACH-000381,-0.7236539,-0.50354093
ACH-000383,0.7377854,0.2878833
ACH-000385,-0.09248434,1.5102361
ACH-000387,-1.7207081,-1.8049276
ACH-000389,0.8627242,0.5536187
ACH-000390,-0.37454173,-0.055997066
ACH-000391,-0.48372084,0.8182095
ACH-000393,0.49477276,1.064155
ACH-000395,-0.25177747,-0.5417868
ACH-000397,0.22265512,-0.54081553
ACH-000398,-1.482843,-2.0955608
ACH-000401,1.4154243,0.23493794
ACH-000402,-1.566488,-1.8723944
ACH-000403,0.40718007,0.16511485
ACH-000404,-0.06366595,-0.35263565
ACH-000405,-1.4948124,-1.9704837
ACH-000406,-1.734402,-1.9968407
ACH-000407,1.7049924,0.20967914
ACH-000408,-0.17211343,0.13676843
ACH-000410,0.3215977,1.4327809
ACH-000411,0.59782684,1.103362
ACH-000414,-0.041544005,-0.3452644
ACH-000415,-0.6913582,0.0741463
ACH-000416,0.61544037,0.20354271
ACH-000417,1.4007844,0.4130083
ACH-000420,1.6317029,0.10249414
ACH-000421,-0.46971443,-0.5271482
ACH-000422,1.0667591,0.6101334
ACH-000424,-0.66051096,-0.36880094
ACH-000425,0.5278819,0.47086823
ACH-000427,-0.58117354,-0.31674993
ACH-000430,0.71864974,0.22891411
ACH-000431,-1.5664443,-1.5447662
ACH-000433,1.35346,0.44680002
ACH-000434,0.06754157,1.4213083
ACH-000435,-0.13387433,0.51649207
ACH-000436,-1.5443425,-2.0972922
ACH-000437,1.1010736,0.577455
ACH-000438,-0.07845539,0.041613106
ACH-000441,0.18778825,-0.04918776
ACH-000442,-0.12231212,1.5216702
ACH-000444,0.610589,1.1234413
ACH-000445,1.0581212,-0.06107608
ACH-000448,0.14549173,-0.008015862
ACH-000450,-0.4707,-0.3035862
ACH-000452,0.6441719,0.5719098
ACH-000454,0.30930245,-0.2177833
ACH-000455,0.051122412,1.211513
ACH-000456,0.31496295,0.4968474
ACH-000458,0.48964337,0.8925319
ACH-000459,1.694179,0.3560923
ACH-000460,1.4188011,0.3093012
ACH-000461,-0.16528812,1.1559782
ACH-000463,-0.46330407,-0.08891343
ACH-000464,1.1073242,0.3735323
ACH-000466,0.28242266,1.4944197
ACH-000467,-0.7519806,-0.5896549
ACH-000468,1.8437246,0.18346521
ACH-000469,1.7955625,-0.066210285
ACH-000470,-0.5319489,-0.73074186
ACH-000471,1.7263601,0.06320727
ACH-000472,0.20382982,0.29753575
ACH-000473,-0.6456872,-0.078655295
ACH-000475,-0.10196811,-0.26247594
ACH-000476,1.1822443,0.61366326
ACH-000477,0.7780951,1.0960191
ACH-000478,1.7093878,-0.015276244
ACH-000480,0.07278238,-0.44458216
ACH-000481,-0.60952044,-0.53844017
ACH-000483,0.96341807,0.57101804
ACH-000484,0.15546189,1.2328163
ACH-000485,-0.8184764,-0.976419
ACH-000486,0.49568692,0.5110514
ACH-000487,-1.7224472,-1.895195
ACH-000488,-0.17194973,0.47671828
ACH-000489,-0.6282226,-0.51442605
ACH-000490,-0.034503296,-0.43940455
ACH-000491,-0.79926854,-0.5987893
ACH-000493,0.7743247,0.71536255
ACH-000495,0.45809144,1.1734468
ACH-000496,1.742359,-0.003538584
ACH-000498,-1.7706654,-1.9856468
ACH-000499,-0.27823848,-0.7522497
ACH-000500,-0.3814283,1.1884493
ACH-000501,0.9794363,0.87245405
ACH-000502,0.6847222,0.5059467
ACH-000503,0.6026095,0.07073918
ACH-000504,1.7559104,-0.049041376
ACH-000505,1.0778022,0.36267897
ACH-000507,-0.10080654,-0.49916384
ACH-000510,0.016695252,1.3387988
ACH-000511,1.3872612,0.47308478
ACH-000512,-1.524711,-2.0700269
ACH-000514,-1.6740578,-2.055684
ACH-000516,1.6641436,0.2275937
ACH-000517,1.3994108,0.38683566
ACH-000518,-0.21223104,0.11905017
ACH-000520,0.22018783,1.4188422
ACH-000521,1.9329933,0.020601222
ACH-000522,1.7069467,0.206873
ACH-000524,0.5401893,0.22619663
ACH-000525,-1.7290522,-1.897041
ACH-000527,0.106238455,-0.4824324
ACH-000528,-0.3336108,0.19132419
ACH-000532,0.7707097,-0.5933961
ACH-000533,-0.179586,0.32276085
ACH-000535,0.9254804,0.4262623
ACH-000537,1.4705509,-0.03771029
ACH-000541,-1.5668968,-2.177694
ACH-000542,0.61803025,1.2281728
ACH-000544,0.5879589,-0.45068336
ACH-000545,0.8551562,0.14212622
ACH-000546,-0.07032063,0.29580107
ACH-000547,0.058261596,1.4590311
ACH-000548,0.72892004,0.59085006
ACH-000549,0.07345749,0.5284832
ACH-000550,1.9579699,0.026710156
ACH-000551,-1.5649079,-1.8898216
ACH-000552,-0.7853558,-0.8279552
ACH-000554,-0.9229024,0.0850564
ACH-000556,0.038562838,1.3239471
ACH-000557,-1.7129155,-1.951254
ACH-000558,0.7122343,1.0128417
ACH-000559,-1.6474067,-2.141498
ACH-000561,-0.6338998,-0.35306913
ACH-000562,-0.43132693,1.2068334
ACH-000563,0.55816716,0.83138555
ACH-000565,-0.8179121,0.09212884
ACH-000567,-1.4829159,-2.0958703
ACH-000570,1.8598775,0.25372434
ACH-000571,0.92286927,0.59512794
ACH-000573,0.18119323,0.23880711
ACH-000576,-1.5588044,-2.0123458
ACH-000577,1.700005,0.35400707
ACH-000579,-0.36930883,0.08079704
ACH-000580,-0.09769426,0.17683358
ACH-000581,-0.85111564,-1.0778105
ACH-000583,-1.4326621,-1.8867038
ACH-000584,-0.27878353,0.53121233
ACH-000585,0.69856614,0.34007257
ACH-000587,0.6497301,0.5477903
ACH-000588,-1.6378187,-2.051743
ACH-000589,-0.04854519,-0.5873525
ACH-000591,1.7032839,0.21304445
ACH-000592,1.1410267,0.57410926
ACH-000593,1.3059232,0.2275632
ACH-000595,0.68172395,1.0795813
ACH-000596,-0.17564753,0.026206436
ACH-000597,-0.41549215,-0.3246272
ACH-000599,-0.16683184,0.90069854
ACH-000601,-0.18022865,0.47451726
ACH-000602,-1.6320676,-2.1240942
ACH-000604,-1.556245,-1.5637155
ACH-000605,-0.48906872,0.97587204
ACH-000606,0.0038864687,-0.04510181
ACH-000607,-0.52200663,0.30433777
ACH-000608,0.5350682,0.32395244
ACH-000609,0.21602944,1.3750651
ACH-000614,0.5665377,-0.46714658
ACH-000616,1.0110883,0.50323
ACH-000618,-0.1472716,1.1569421
ACH-000619,0.5644604,0.32112196
ACH-000620,0.20756309,-0.47428727
ACH-000621,1.072099,0.16210434
ACH-000622,0.68267256,0.6519667
ACH-000623,0.35006538,1.1807975
ACH-000624,-0.21940163,-0.4491354
ACH-000627,1.0948527,0.45238966
ACH-000630,1.8376064,0.05670175
ACH-000632,1.8416822,0.048437137
ACH-000633,-0.35080785,-0.59046763
ACH-000634,0.1608394,1.1510593
ACH-000637,0.23788136,1.1592604
ACH-000638,-0.5119941,0.86747706
ACH-000639,-1.7596582,-1.7827535
ACH-000645,1.3691462,0.36815622
ACH-000646,0.035899118,-0.7201086
ACH-000647,0.18996824,1.4402592
ACH-000648,0.9425583,0.92999965
ACH-000649,0.9590103,0.8757506
ACH-000651,-0.77436906,0.17776243
ACH-000652,0.58376586,0.8554235
ACH-000653,-1.482079,-2.043694
ACH-000654,-1.6573793,-2.0824955
ACH-000655,-0.48789006,1.3358899
ACH-000656,-1.5102651,-2.104433
ACH-000657,0.30068886,-0.12587069
ACH-000660,-1.60382,-1.8749647
ACH-000661,-0.21153288,1.1332364
ACH-000662,0.12228534,0.7091475
ACH-000663,1.0940117,0.74151385
ACH-000664,-0.88414717,-0.9289484
ACH-000665,0.84076333,0.5610658
ACH-000666,1.3013614,0.3490529
ACH-000667,0.9373031,0.08319236
ACH-000668,-0.5533659,0.24552503
ACH-000671,0.75174356,-0.5160009
ACH-000673,0.6528009,1.0924144
ACH-000676,-0.35205266,0.09657198
ACH-000677,0.5999967,1.2255688
ACH-000680,-0.84200644,-1.1466002
ACH-000681,0.72991806,0.39688364
ACH-000682,-0.4505759,1.0753968
ACH-000683,-0.63736665,-0.3444081
ACH-000684,1.9508572,0.1482981
ACH-000685,-0.22939593,-0.06290779
ACH-000688,1.9461592,0.04721751
ACH-000693,-0.10660084,0.74869007
ACH-000694,-0.17675534,-0.3008527
ACH-000695,-1.7224534,-2.0931065
ACH-000696,0.091043696,1.4876585
ACH-000697,-1.6744311,-2.0755174
ACH-000698,-1.7047287,-1.7681626
ACH-000699,0.3306635,1.124064
ACH-000700,0.17675665,1.2950479
ACH-000701,0.04288174,-0.4218702
ACH-000702,-1.646313,-1.8161339
ACH-000704,0.23056322,-0.47359484
ACH-000706,0.7063233,0.26384464
ACH-000709,1.8411783,0.08870916
ACH-000711,0.2629815,1.1138911
ACH-000713,-0.13825908,1.5396613
ACH-000714,-1.5404533,-2.027118
ACH-000716,0.14834628,1.1649011
ACH-000717,0.48193613,1.0969685
ACH-000718,0.5042977,0.9159629
ACH-000719,0.31260157,-0.38323724
ACH-000720,1.038077,0.47292078
ACH-000721,-0.2424432,0.13323328
ACH-000722,-0.759478,-1.2300434
ACH-000724,0.67022854,-0.4076188
ACH-000725,-0.6953565,-0.061878182
ACH-000732,-0.36995503,1.41556
ACH-000734,-0.36141476,-0.6945685
ACH-000735,1.4838635,0.32373798
ACH-000736,-0.7103267,-0.8959169
ACH-000738,0.2962144,1.4430615
ACH-000739,-0.43194234,0.18359926
ACH-000740,-0.25499427,0.5494127
ACH-000741,0.42818424,0.96076024
ACH-000746,-0.87493014,-0.07186951
ACH-000747,-0.4104882,0.73395497
ACH-000748,0.37820315,1.2013713
ACH-000753,0.21669836,1.5087582
ACH-000754,-1.7650234,-1.9842856
ACH-000756,1.0104878,0.20063639
ACH-000757,-0.32127708,-0.33237085
ACH-000758,-0.5040516,1.1692891
ACH-000760,-0.13405973,1.0393274
ACH-000762,0.9434084,0.56293
ACH-000763,-1.6781517,-2.0781221
ACH-000764,0.92380875,0.907583
ACH-000765,0.54256165,0.9472972
ACH-000766,0.8963272,0.32410446
ACH-000767,-1.5812666,-1.5907023
ACH-000768,0.5794743,1.227656
ACH-000769,-0.5869189,-0.32821235
ACH-000770,-1.6948031,-2.0202096
ACH-000771,0.9211859,-0.23867522
ACH-000773,-1.5379218,-2.0547636
ACH-000774,-0.27967414,1.4854968
ACH-000775,-0.7995086,0.06683444
ACH-000776,-0.023513708,0.93611133
ACH-000777,0.9839634,-0.2498302
ACH-000778,0.13672951,1.4876853
ACH-000781,0.47646496,0.594245
ACH-000782,-1.4699993,-2.070214
ACH-000783,-0.7437196,-0.3828371
ACH-000784,-0.23932101,-0.46500778
ACH-000785,-0.17609373,-0.6934301
ACH-000787,0.96593255,0.65056664
ACH-000788,1.5209819,0.2007092
ACH-000790,-1.6292375,-1.7880595
ACH-000791,0.11531493,0.9831518
ACH-000792,1.2239325,0.28471914
ACH-000793,-0.52340305,-0.80169564
ACH-000794,-0.07176617,-0.037869584
ACH-000796,0.2940264,1.4111816
ACH-000799,-0.30553493,1.2576295
ACH-000800,-1.3281229,-0.7435666
ACH-000801,-0.3387104,-0.5116132
ACH-000802,0.5220046,0.20816623
ACH-000804,-1.3092384,-1.1206894
ACH-000805,-0.7111785,0.5127626
ACH-000807,-0.093898356,1.5202104
ACH-000809,0.033984125,0.7129369
ACH-000810,0.3409482,-0.01550283
ACH-000811,1.105684,0.4770035
ACH-000814,0.48800388,0.2807563
ACH-000817,-1.665794,-2.1921973
ACH-000819,0.18085974,1.3239064
ACH-000820,-0.54415697,-0.85103357
ACH-000821,-1.6310917,-2.147037
ACH-000822,-0.15498394,1.3524177
ACH-000823,-0.47456437,0.32665673
ACH-000824,0.19534525,0.19006531
ACH-000826,1.1389142,0.5831523
ACH-000827,0.118033506,1.4129605
ACH-000829,-1.6985569,-2.0995417
ACH-000831,-0.16319294,1.430335
ACH-000832,-0.3603963,0.7913395
ACH-000833,0.14094491,1.4221987
ACH-000834,0.6277779,0.19022653
ACH-000835,1.2297932,0.4099455
ACH-000836,0.81611407,0.7367155
ACH-000837,-0.36162636,0.78813666
ACH-000838,-1.7365162,-2.1234143
ACH-000839,1.5666926,0.15023963
ACH-000840,1.7000575,0.28753105
ACH-000841,0.015567827,0.20353045
ACH-000843,-0.21687724,-0.021157486
ACH-000845,-0.12349177,1.2186366
ACH-000846,-0.0039095073,0.15444613
ACH-000847,-0.43861818,-0.5466787
ACH-000848,-0.49913678,-0.3613097
ACH-000849,-0.27055904,0.24668728
ACH-000851,-0.48518485,-0.8858346
ACH-000853,0.024061663,1.2022175
ACH-000855,0.28120127,1.2068727
ACH-000856,0.32430896,-0.09670988
ACH-000858,-0.29231933,-0.5558255
ACH-000859,-0.5089444,0.47624293
ACH-000860,-0.16772957,-0.33455917
ACH-000861,0.77087593,0.8996028
ACH-000862,-0.58971584,0.19210604
ACH-000863,0.7514647,0.6070631
ACH-000864,-1.7741716,-1.7928607
ACH-000865,-0.36086464,0.70219177
ACH-000866,-0.2747814,0.29668805
ACH-000867,-0.18308556,-0.41708127
ACH-000869,0.23908272,-0.39224926
ACH-000872,0.67965144,-0.09237802
ACH-000873,-0.5025435,0.6368094
ACH-000876,-0.31492677,-0.24912366
ACH-000878,-0.3400031,0.86935776
ACH-000879,-0.6143158,-0.1987021
ACH-000880,-0.49924314,-0.3710844
ACH-000881,-0.65901464,0.8830555
ACH-000882,-0.38562307,0.23714268
ACH-000884,0.15762758,1.0879881
ACH-000885,1.2259574,0.41243008
ACH-000886,0.055078875,1.0211604
ACH-000887,0.40709,1.1226674
ACH-000888,-0.09141405,0.97956127
ACH-000889,-1.5888234,-2.0367236
ACH-000890,0.9924058,0.8036428
ACH-000894,-0.75073516,0.23101275
ACH-000896,0.40093738,1.281217
ACH-000898,-0.7635661,-0.8888357
ACH-000899,-0.36565956,-0.025347972
ACH-000900,-0.403541,0.9845858
ACH-000901,0.6787187,1.0540732
ACH-000903,0.97847897,0.45067602
ACH-000905,0.6563262,1.1023216
ACH-000906,0.21401234,1.4127138
ACH-000907,1.8779091,-0.05309797
ACH-000910,-0.73194087,0.36201623
ACH-000911,-0.34101263,1.3105065
ACH-000912,0.38072586,1.2875215
ACH-000913,0.6698154,1.1853379
ACH-000914,-1.6784685,-2.0946572
ACH-000915,1.1192591,-0.28364435
ACH-000916,-0.5146313,-0.22664633
ACH-000917,-0.45014933,0.12816918
ACH-000919,-0.8600148,-0.6903463
ACH-000921,0.014306364,1.3353148
ACH-000922,-1.1133205,-1.483962
ACH-000924,0.68485284,0.3035273
ACH-000926,-0.7055728,-0.7845912
ACH-000928,-0.7185237,0.12763526
ACH-000929,-0.35586238,0.022220008
ACH-000932,-0.5488476,-0.37119368
ACH-000934,0.14758754,0.55026484
ACH-000935,1.7477319,-0.084183455
ACH-000936,-0.15017205,0.67951804
ACH-000937,-1.6807297,-1.9459609
ACH-000938,-1.5409037,-2.0996175
ACH-000939,0.8739778,0.43001702
ACH-000941,0.25972456,1.1290779
ACH-000943,0.18591769,0.6874816
ACH-000944,-1.7097179,-1.9009248
ACH-000945,0.24310271,1.1164988
ACH-000946,-0.099070445,1.4679097
ACH-000947,-0.7274895,0.7786699
ACH-000948,-0.736671,-0.555925
ACH-000950,-0.6449426,-0.57924664
ACH-000953,-1.6443936,-1.876109
ACH-000956,-0.75002116,-0.53247863
ACH-000957,-0.7015762,-0.7520927
ACH-000958,-0.6020077,-0.016959561
ACH-000959,-0.84483373,-0.81462735
ACH-000960,-1.6836371,-2.1774762
ACH-000961,-0.69809085,0.11390698
ACH-000962,-0.19502302,1.986724
ACH-000963,-0.98410845,-1.1697518
ACH-000965,0.48175946,-0.53924155
ACH-000966,0.741076,0.7117687
ACH-000968,-0.09778239,0.6336166
ACH-000969,-0.76092243,-0.5690921
ACH-000970,-0.31327495,1.3143171
ACH-000971,0.09158667,0.17435774
ACH-000973,0.95607376,0.23580813
ACH-000974,-0.23401874,0.92394227
ACH-000975,0.8961048,0.32226458
ACH-000976,0.27693486,1.1504568
ACH-000977,-0.91852385,-0.35040262
ACH-000978,-0.7001942,0.746652
ACH-000980,-1.7615777,-1.9535215
ACH-000983,-1.4829211,-1.9361188
ACH-000984,-0.21795051,1.516139
ACH-000985,-0.84190416,-0.21139611
ACH-000986,-0.8066976,-0.26027825
ACH-000988,0.59235686,0.31235033
ACH-000991,-0.90794384,-0.007847078
ACH-000993,-0.38158005,0.30345425
ACH-000994,-0.26755792,0.38980946
ACH-000995,-1.0715051,-1.0166427
ACH-000996,-0.37568817,1.1817195
ACH-000997,-0.6251469,-0.13359472
ACH-001001,0.32374194,1.4046712
ACH-001016,0.10068726,1.3013316
ACH-001020,-0.46858963,0.99985963
ACH-001028,-0.5565533,-0.18994251
ACH-001029,-0.15317093,-0.46338493
ACH-001031,-0.45574412,-0.378795
ACH-001033,-0.636047,0.2537249
ACH-001036,-1.5490825,-1.7379006
ACH-001038,-1.3658088,-1.1990676
ACH-001041,1.5618368,-0.03441683
ACH-001048,1.903782,0.01610004
ACH-001050,1.8822153,0.019776857
ACH-001053,-0.47942126,-0.2034417
ACH-001054,-0.8791964,-0.71084756
ACH-001061,-0.5736645,-0.39519432
ACH-001067,0.54834294,0.84786165
ACH-001075,-0.21972814,1.6279752
ACH-001096,-0.4847593,0.16599236
ACH-001098,-0.13704519,1.1770812
ACH-001099,0.50609475,-0.5302985
ACH-001128,-0.5038566,0.19203794
ACH-001129,-1.7009069,-2.0809255
ACH-001134,-1.3306583,-1.6577529
ACH-001145,0.12392496,1.5321366
ACH-001151,1.1384989,0.4031227
ACH-001163,-0.10123958,-0.019611996
ACH-001164,-0.36916488,0.34889233
ACH-001172,0.0957043,0.39149827
ACH-001183,-0.5477652,0.1830965
ACH-001184,-0.7931976,0.9530292
ACH-001188,-1.7537621,-1.7609854
ACH-001190,0.89814514,0.431944
ACH-001192,-0.76033324,-0.101278596
ACH-001193,-0.80014884,-0.47737408
ACH-001194,0.83524,0.7276303
ACH-001196,-0.24847314,0.7334998
ACH-001197,-1.4453831,-1.6921474
ACH-001211,-0.734268,0.80479944
ACH-001228,-0.82532114,-0.71578044
ACH-001229,-0.08842687,1.1254376
ACH-001232,1.2857981,0.1839549
ACH-001239,-0.1358404,0.96031666
ACH-001274,1.7036756,0.36281702
ACH-001275,-0.28975582,0.4797809
ACH-001277,-0.6864869,0.703868
ACH-001278,-0.2190712,0.21956666
ACH-001279,1.1519272,-0.23182641
ACH-001280,-0.39130852,-0.2682364
ACH-001283,-0.6297081,-0.49882284
ACH-001289,-0.64130455,0.58207
ACH-001295,-1.7203616,-1.7651986
ACH-001300,-1.7230247,-2.123741
ACH-001301,-1.7772303,-1.8317693
ACH-001302,-1.7638155,-1.6442103
ACH-001303,-1.556351,-1.5447835
ACH-001306,1.740255,0.19207895
ACH-001307,1.9436321,0.21448712
ACH-001310,1.803175,0.030143306
ACH-001318,-0.520593,1.0646083
ACH-001322,-0.44527093,0.9775746
ACH-001328,0.8383557,-0.38087827
ACH-001329,1.1046858,0.57118875
ACH-001332,-0.48372293,0.38192177
ACH-001333,-0.7282275,-0.114087336
ACH-001334,0.3578652,0.24634598
ACH-001335,0.5267183,-0.01729133
ACH-001336,-0.51063854,1.1493424
ACH-001338,-1.4835174,-1.6881957
ACH-001340,-0.1414572,-0.19264296
ACH-001341,-0.31190497,0.80936
ACH-001344,1.5407685,0.046848293
ACH-001345,-0.7539574,-0.7197394
ACH-001346,-0.014538022,1.2388843
ACH-001347,0.1400101,0.3777113
ACH-001353,0.90771425,0.1551382
ACH-001354,-1.6538994,-1.7388492
ACH-001356,-0.03212315,1.5082923
ACH-001360,-0.42596516,0.39781696
ACH-001366,-1.7807325,-1.89793
ACH-001368,-0.29953846,-0.00040206223
ACH-001370,1.5396295,0.16463043
ACH-001374,-0.77941656,0.25768033
ACH-001375,0.9226631,-0.28789034
ACH-001377,-0.61688983,0.7311027
ACH-001379,0.8498444,0.7042312
ACH-001380,1.0866303,0.3813929
ACH-001382,1.6945535,0.08498157
ACH-001385,-0.18366715,-0.1656148
ACH-001386,-1.7066833,-2.0829613
ACH-001388,-0.9512908,-1.1609803
ACH-001389,0.9870998,0.6435408
ACH-001390,0.32863507,-0.6012164
ACH-001391,0.47680348,0.17138995
ACH-001393,-0.7600395,-0.36452514
ACH-001394,0.7974351,-0.29465997
ACH-001396,-0.43967408,-0.7671748
ACH-001398,0.9341434,-0.04824532
ACH-001399,0.8907433,0.23573929
ACH-001400,0.7964522,-0.6031084
ACH-001402,0.22295786,1.394533
ACH-001403,0.69509625,0.16699171
ACH-001407,1.2766763,0.35855365
ACH-001408,0.29325786,0.7423777
ACH-001409,-0.3401652,1.4312085
ACH-001411,0.01799935,-0.1711745
ACH-001412,0.90446234,0.06797832
ACH-001413,0.68202,0.8572675
ACH-001414,0.8584169,-0.4750243
ACH-001415,-0.2974308,-0.3221058
ACH-001416,-0.6597188,-0.15194057
ACH-001418,-0.040330615,1.3605882
ACH-001419,-0.6917282,-0.41102257
ACH-001421,-1.6172787,-1.9160625
ACH-001422,-0.47644374,0.73596805
ACH-001430,-0.71011406,0.85231704
ACH-001431,-1.7258916,-2.1010046
ACH-001433,1.8556064,0.09876126
ACH-001442,-0.6577549,0.7861456
ACH-001443,-0.3405154,1.4377309
ACH-001450,-1.546044,-1.9222499
ACH-001451,0.57831186,0.814913
ACH-001453,1.0492842,-0.25068754
ACH-001454,-0.34386924,-0.29560807
ACH-001458,-0.7774719,-1.0814835
ACH-001459,0.65203214,-0.86794496
ACH-001460,-0.84952027,-0.8578456
ACH-001461,-0.94502205,-0.7733537
ACH-001484,-1.6884258,-2.2582157
ACH-001485,-1.6283935,-2.0572598
ACH-001494,0.90651536,-0.095229834
ACH-001495,-0.37335768,1.182876
ACH-001496,-0.824757,-0.13413163
ACH-001497,-0.8997464,0.26501915
ACH-001498,-1.6631409,-2.270166
ACH-001500,1.0247394,0.42772773
ACH-001509,0.64475924,-0.6152429
ACH-001510,0.7946324,-0.31580305
ACH-001511,0.50205386,0.20206031
ACH-001513,-0.48167515,1.0445884
ACH-001515,-0.094090894,0.69103837
ACH-001517,-0.047625136,1.2589846
ACH-001518,-0.4575539,1.0709482
ACH-001520,-1.7060978,-1.8697399
ACH-001521,0.99820143,-0.39503452
ACH-001522,-0.4133821,-0.22848779
ACH-001523,-0.02340114,0.12975386
ACH-001524,0.008592624,-0.069933735
ACH-001525,-0.7633236,-0.39703298
ACH-001526,-0.31227967,0.21871932
ACH-001528,-0.14675675,1.0189809
ACH-001529,-0.6804435,-0.18799861
ACH-001530,-0.17086405,-0.6757885
ACH-001532,-0.47801098,0.78989726
ACH-001533,-1.775963,-1.9600688
ACH-001536,1.8644367,0.02500423
ACH-001538,1.1921494,-0.3498942
ACH-001539,-1.6338689,-1.7886466
ACH-001542,-0.042115893,0.017031314
ACH-001543,0.84463125,-0.09430225
ACH-001547,1.9143108,0.13202737
ACH-001548,-1.037484,-0.05877298
ACH-001549,-1.7837939,-1.7976094
ACH-001550,0.8718664,0.87176836
ACH-001551,1.0087217,0.07820445
ACH-001552,1.806795,-0.08698912
ACH-001554,-0.61486,-0.38472953
ACH-001555,0.48879814,1.4182928
ACH-001556,0.072038986,1.4448053
ACH-001557,0.91700816,0.7496041
ACH-001558,0.7899362,0.8624449
ACH-001559,0.32017362,1.3848044
ACH-001560,1.4719574,0.41424608
ACH-001562,1.433662,0.3484258
ACH-001563,1.7997468,0.24033794
ACH-001566,-0.3965482,-0.5068507
ACH-001567,1.5211849,0.38401517
ACH-001568,-0.25484884,-0.46138245
ACH-001570,0.25001168,-0.41660884
ACH-001574,-1.5389291,-2.0541239
ACH-001577,-1.6744357,-1.8525076
ACH-001603,-1.5503056,-1.5527334
ACH-001605,0.71327734,0.6781831
ACH-001607,0.88031495,0.6024564
ACH-001608,0.81200486,0.22988312
ACH-001609,1.0281109,0.48060185
ACH-001610,-0.48891506,1.1058061
ACH-001611,1.0331198,0.6202896
ACH-001616,-1.4428945,-2.0081198
ACH-001618,-1.3472493,-1.721806
ACH-001619,0.7434629,0.90016323
ACH-001622,1.7137848,0.33564636
ACH-001623,1.6160746,0.3967975
ACH-001624,0.9115032,0.4414844
ACH-001625,0.974842,0.14092208
ACH-001626,0.3524595,1.3196672
ACH-001627,0.11572227,0.32827312
ACH-001628,1.8856087,0.19815625
ACH-001630,0.14934413,0.2433924
ACH-001632,-0.31554118,0.12686995
ACH-001634,-1.6550689,-1.8548338
ACH-001641,-0.36801723,0.34934172
ACH-001645,0.57318664,0.88811815
ACH-001647,-1.5095766,-2.172366
ACH-001648,0.7790532,-0.120226786
ACH-001649,-0.45844308,1.3589085
ACH-001650,0.673105,0.009447843
ACH-001651,0.12586282,1.2422073
ACH-001652,0.04785838,1.484058
ACH-001653,0.15637767,0.22579454
ACH-001654,1.0499073,0.35203195
ACH-001655,-0.37149277,0.77333564
ACH-001656,-1.7375146,-1.9339862
ACH-001664,0.8278908,0.31873322
ACH-001668,0.72922343,-0.48405972
ACH-001669,-1.7314118,-1.9396957
ACH-001670,-0.72175837,-0.43484366
ACH-001673,-0.08711253,-0.004242624
ACH-001674,-1.655926,-1.991497
ACH-001677,-1.5537612,-1.5413457
ACH-001685,-0.7586682,-0.81929404
ACH-001687,-0.4483374,1.0741965
ACH-001688,1.9666278,0.17249094
ACH-001690,0.62291074,-0.08710303
ACH-001692,-0.06568521,-0.36898538
ACH-001694,0.22807595,0.22934335
ACH-001696,0.9014636,-0.25928202
ACH-001698,-0.39907384,-1.1983728
ACH-001699,-0.50184083,0.9237107
ACH-001701,-0.18220593,-0.5441882
ACH-001702,0.43219486,0.8737142
ACH-001707,-1.6845238,-2.223021
ACH-001709,-1.4419694,-1.9151624
ACH-001711,-0.8370173,0.83702976
ACH-001715,-0.14755845,1.4423182
ACH-001719,-0.46863875,1.0918248
ACH-001735,-1.5879613,-2.1034706
ACH-001736,-1.5485367,-2.148693
ACH-001737,-1.446291,-1.9158347
ACH-001740,-0.7687434,0.95945376
ACH-001745,-0.77510476,0.964707
ACH-001750,1.3008268,0.2459054
ACH-001765,-0.7091838,-0.47831696
ACH-001786,-0.9150446,-0.4290205
ACH-001791,1.4724243,0.30938044
ACH-001793,0.98463947,0.6777747
ACH-001794,1.7450496,0.08825187
ACH-001795,1.7962257,0.18148006
ACH-001796,1.7459707,0.14547026
ACH-001799,0.66866404,0.68562603
ACH-001802,0.49154884,0.36960754
ACH-001804,1.7232304,0.15090592
ACH-001814,0.79719967,0.57959247
ACH-001819,-0.59733784,-0.5205585
ACH-001820,-0.34897614,0.10023337
ACH-001834,0.499292,1.6862696
ACH-001835,-0.55980426,1.0453784
ACH-001836,0.64799017,1.170691
ACH-001838,1.502408,0.2809278
ACH-001839,-0.1355443,-0.24989744
ACH-001841,-0.57176393,1.0077591
ACH-001842,-0.39492643,0.6372883
ACH-001843,1.6834068,-0.014392957
ACH-001844,-0.17012228,0.8669508
ACH-001848,0.9273482,0.6308836
ACH-001849,0.65697485,-0.5191437
ACH-001850,0.209676,1.5212779
ACH-001852,0.93049186,-0.18446615
ACH-001853,0.07949579,0.22861364
ACH-001856,1.4967979,0.25741854
ACH-001857,-0.69644606,1.0205745
ACH-001858,0.99649197,0.6065037
ACH-001861,-0.5382101,1.2663419
ACH-001862,1.7861985,-0.022958606
ACH-001863,0.10135953,0.7550439
ACH-001864,-0.24690665,-0.13896683
ACH-001959,1.7940166,-0.058444574
ACH-001960,0.32586843,0.18245314
ACH-001961,-0.18462421,1.0210532
ACH-001970,-0.03306753,-0.9102779
ACH-001973,-0.36376265,0.6187102
ACH-001977,0.032123644,1.4476221
ACH-001982,-0.33780903,-0.18151523
ACH-001991,-1.675988,-1.7674657
ACH-001992,1.0894397,0.65409446
ACH-001993,-1.6778473,-2.0967364
ACH-001997,1.3466843,0.51896816
ACH-001999,-0.8789271,0.34351057
ACH-002001,1.5972757,0.40585548
ACH-002002,1.4741756,0.51906633
ACH-002003,1.5740745,0.4551087
ACH-002004,-0.51322764,0.18778533
ACH-002005,-0.8252161,0.82941127
ACH-002014,-1.0280875,-0.5840837
ACH-002015,1.6529186,0.27045283
ACH-002016,1.8166399,-0.053210523
ACH-002017,0.4101,-0.5427259
ACH-002018,-0.24608266,0.007409766
ACH-002019,0.33216116,0.27793828
ACH-002021,-0.40041527,-0.2981419
ACH-002023,-0.4769539,1.1038251
ACH-002024,-1.551364,-1.4261413
ACH-002025,-0.2666792,-0.53047025
ACH-002026,-0.167058,1.3740803
ACH-002027,-0.51122344,0.98643607
ACH-002029,0.30395064,1.306267
ACH-002039,-0.12947111,-0.48406062
ACH-002041,0.7975159,0.89782465
ACH-002042,1.453374,0.27871713
ACH-002044,-0.6959826,-0.44096905
ACH-002045,-0.71192825,0.6161237
ACH-002046,0.67988545,0.65464604
ACH-002048,-0.48027718,0.863638
ACH-002055,-1.699484,-2.21835
ACH-002059,-1.768951,-1.9190489
ACH-002061,-1.5559614,-1.6942265
ACH-002062,-1.6701765,-1.6840146
ACH-002066,1.0471698,0.39476162
ACH-002067,-0.7474252,0.8829694
ACH-002069,1.6328322,-0.07163909
ACH-002080,-1.743614,-1.811605
ACH-002084,-0.1305293,-0.16219234
ACH-002446,-0.7544664,0.9259951
ACH-002458,0.049745895,1.0215751
ACH-002459,0.84623563,0.6131923
ACH-002460,-0.0072637917,1.0041984
ACH-002461,1.6199609,0.41380903
ACH-002462,1.8040991,-0.102453746
ACH-002463,1.9496971,0.032372303
ACH-002464,1.9650733,0.0024021466
ACH-002465,1.8099307,-0.103242226
ACH-002467,1.9146957,0.020404488
ACH-002471,-0.48322538,0.60017866
ACH-002508,1.879601,-0.04333305
ACH-002510,-0.38790715,-0.485113
ACH-002511,1.1066898,0.63606447
ACH-002647,0.20477104,-0.58876395
ACH-002659,-0.9130141,-0.81501335
ACH-002664,0.20469587,0.13715129
ACH-002669,0.38320073,0.78757936
ACH-002672,1.2278876,0.39968622
ACH-002680,1.9554328,0.022593655
ACH-002687,-0.78735363,0.97378623
ACH-002693,-0.32609373,0.48432958
ACH-002710,1.7331519,0.18603635
ACH-002785,0.6751688,1.1709038
ACH-002800,0.84908766,0.6081567
ACH-002834,1.1942472,0.31585285
ACH-002847,1.6928557,0.27093032
ACH-002926,-0.75951,-0.2499713
