DepMap_ID,0,1
ACH-000001,2.8766837,15.311897
ACH-000004,-49.043022,-27.607468
ACH-000005,-46.708286,-21.34238
ACH-000007,-21.474781,-12.144163
ACH-000009,19.069204,-1.8489215
ACH-000011,51.80636,1.1838864
ACH-000012,-15.869165,14.065324
ACH-000013,9.276462,15.568555
ACH-000015,-17.314157,-7.3051214
ACH-000017,9.596205,-2.4216502
ACH-000018,49.48685,1.6456445
ACH-000019,-23.23072,-9.563308
ACH-000021,-2.2562182,19.131695
ACH-000022,-22.81626,1.77993
ACH-000023,15.913883,11.034894
ACH-000024,-44.816566,-26.30909
ACH-000025,49.06208,1.2930557
ACH-000028,-16.918976,0.05660846
ACH-000029,-4.103941,3.3838198
ACH-000030,33.51213,0.6671096
ACH-000035,15.144788,9.545768
ACH-000036,54.8517,1.9295285
ACH-000037,5.6341805,16.436848
ACH-000039,-12.532691,9.080426
ACH-000040,51.8716,1.811783
ACH-000041,-22.430124,-6.6869354
ACH-000042,29.032341,0.11469
ACH-000045,-51.70497,-27.802067
ACH-000048,-8.607986,10.639938
ACH-000052,2.1699789,-6.9532
ACH-000053,-51.22407,-21.861153
ACH-000054,32.591698,11.458502
ACH-000055,-22.466383,14.9099
ACH-000060,31.197369,1.9012256
ACH-000067,27.035265,9.545098
ACH-000070,-49.19777,-29.000595
ACH-000074,-49.50834,-15.743006
ACH-000075,16.65004,5.1119485
ACH-000076,-48.208183,-26.173508
ACH-000077,-28.545317,-10.43258
ACH-000078,-48.346405,-19.94656
ACH-000082,52.7818,1.888949
ACH-000085,-2.6916432,-3.4769309
ACH-000086,25.944536,2.664485
ACH-000087,-3.7638283,-5.214286
ACH-000092,57.47715,5.5985575
ACH-000093,24.393333,-2.8853302
ACH-000094,17.51091,11.342638
ACH-000095,-18.629147,-6.109343
ACH-000096,-15.046598,15.078568
ACH-000097,-3.4167902,-4.287221
ACH-000098,56.25672,1.1254747
ACH-000099,-51.840256,-25.481543
ACH-000101,-49.39813,-20.766071
ACH-000103,32.763706,0.10954367
ACH-000108,32.88254,5.104303
ACH-000111,-21.031845,9.289636
ACH-000113,-53.04545,-25.098005
ACH-000114,19.564833,5.036388
ACH-000115,-18.494253,-7.328659
ACH-000116,12.747714,13.502506
ACH-000118,20.747196,1.3494022
ACH-000120,-4.7040668,5.738539
ACH-000123,-7.962614,15.346193
ACH-000124,-47.96499,-28.986578
ACH-000127,36.485855,3.7491136
ACH-000128,17.461733,15.127347
ACH-000132,55.437614,3.5529635
ACH-000133,34.460453,12.315304
ACH-000137,21.562788,3.9642553
ACH-000138,48.78438,0.5952348
ACH-000139,23.431671,8.516096
ACH-000141,32.25323,-5.2184515
ACH-000142,25.130236,-1.8166091
ACH-000143,-21.789442,-5.531091
ACH-000144,29.334475,-6.4211164
ACH-000145,2.5151463,15.385395
ACH-000146,-50.934013,-25.682024
ACH-000147,-0.07626427,-2.7940629
ACH-000148,15.562083,20.196724
ACH-000149,14.209941,15.255785
ACH-000150,25.660534,-0.51602846
ACH-000151,-50.06027,-18.74408
ACH-000152,50.765377,5.8058662
ACH-000153,-12.99779,20.263271
ACH-000155,29.84909,4.469159
ACH-000159,17.608263,11.981662
ACH-000160,24.121761,-9.477848
ACH-000161,11.987123,8.166498
ACH-000163,24.386414,13.556116
ACH-000164,-5.3860087,17.112722
ACH-000167,-47.773014,-22.163034
ACH-000168,-46.673523,-21.291534
ACH-000169,4.5108275,16.290907
ACH-000172,-11.171244,14.741393
ACH-000174,59.86438,1.9963759
ACH-000176,1.5849129,14.409737
ACH-000178,36.437603,4.2655077
ACH-000181,7.10334,3.1393356
ACH-000182,-4.6441483,6.0367846
ACH-000183,-49.70747,-26.717215
ACH-000187,-48.391624,-16.464968
ACH-000188,3.57551,-3.5631053
ACH-000189,1.501305,17.2202
ACH-000190,14.375554,15.985204
ACH-000191,19.36402,8.086681
ACH-000192,12.011035,18.903788
ACH-000195,-51.679726,-23.568941
ACH-000198,-54.14242,-26.973532
ACH-000200,49.711815,0.77589464
ACH-000202,-3.5449944,-2.2847831
ACH-000204,-46.814056,-23.08909
ACH-000206,-46.781498,-20.00077
ACH-000207,14.557343,11.7295065
ACH-000209,39.22721,6.7456713
ACH-000211,34.157463,10.537598
ACH-000212,53.88427,2.7153757
ACH-000213,-21.074583,1.1560156
ACH-000215,24.538374,9.682996
ACH-000217,-0.05326803,14.845456
ACH-000219,44.221306,0.36513504
ACH-000221,-13.022825,10.039329
ACH-000222,17.587336,10.213269
ACH-000223,2.7511373,-0.37158602
ACH-000226,-25.422215,-10.930331
ACH-000227,-48.238846,-21.346636
ACH-000228,5.0569205,14.595638
ACH-000231,14.271018,17.559078
ACH-000232,34.041584,9.592363
ACH-000233,-22.270233,-4.9988165
ACH-000234,18.02855,15.132362
ACH-000235,33.717266,0.554396
ACH-000237,28.160852,11.621203
ACH-000238,16.716925,10.526044
ACH-000243,-7.334182,5.349549
ACH-000244,63.380386,3.9030714
ACH-000246,38.27428,4.721992
ACH-000247,-3.974961,-10.133251
ACH-000248,1.3477434,-8.311693
ACH-000249,19.73834,-9.286411
ACH-000250,19.570261,11.622758
ACH-000251,19.968084,13.498942
ACH-000252,-7.593481,-22.887012
ACH-000253,-14.627841,-2.4330976
ACH-000255,4.888544,15.518269
ACH-000256,20.655031,5.409316
ACH-000257,-48.20224,-20.041744
ACH-000258,-47.011505,-21.092327
ACH-000259,-53.36761,-25.658718
ACH-000260,18.077177,-3.0972264
ACH-000261,13.979284,16.182224
ACH-000262,57.940586,2.7118876
ACH-000263,-51.886494,-24.705841
ACH-000264,26.518911,4.702909
ACH-000265,-7.5002613,11.436474
ACH-000266,56.362526,0.7076144
ACH-000269,-3.4068475,19.482248
ACH-000271,-47.310474,-26.882238
ACH-000272,25.374397,4.2062883
ACH-000273,51.472324,7.5911603
ACH-000274,52.149677,6.0484877
ACH-000276,8.538354,21.826614
ACH-000277,-20.945862,-5.5539045
ACH-000278,21.564247,8.131389
ACH-000279,-4.5385027,-4.811826
ACH-000280,23.31396,-1.8283442
ACH-000281,28.689137,-1.1069357
ACH-000282,34.81284,4.7713175
ACH-000286,28.305708,-1.8841965
ACH-000288,48.21875,3.7321568
ACH-000290,-52.21329,-21.48374
ACH-000291,2.7291827,1.9724526
ACH-000292,23.791548,-0.6247533
ACH-000293,0.51101416,19.140257
ACH-000294,-49.36234,-28.41706
ACH-000295,-49.032677,-18.675629
ACH-000296,2.6581128,-7.712668
ACH-000302,32.590466,11.0480585
ACH-000303,-17.112574,11.458038
ACH-000304,22.262526,10.396804
ACH-000305,-0.9102812,-0.99367917
ACH-000307,22.424229,0.22947414
ACH-000308,27.510277,17.243652
ACH-000310,-46.281086,-17.947975
ACH-000311,-24.534054,1.054118
ACH-000312,-49.46221,-21.276752
ACH-000313,54.92794,5.804879
ACH-000315,-46.929398,-22.767397
ACH-000316,55.930553,4.783855
ACH-000317,-1.6475292,15.432942
ACH-000318,2.607401,6.177255
ACH-000319,18.616995,16.607584
ACH-000320,6.0591474,-0.42376333
ACH-000322,-6.787358,12.163942
ACH-000323,1.7543417,16.90119
ACH-000324,18.01381,13.325465
ACH-000325,-21.951883,-12.182811
ACH-000326,-47.8706,-18.058012
ACH-000329,5.1168957,16.900835
ACH-000330,-18.280546,10.563159
ACH-000331,45.09456,4.9508386
ACH-000332,21.86348,5.2088
ACH-000334,-49.33648,-25.53976
ACH-000335,-1.6159667,19.363506
ACH-000336,-45.15777,-25.674265
ACH-000337,-4.6834006,-7.7996035
ACH-000339,20.206612,8.130656
ACH-000341,-46.73652,-25.58363
ACH-000343,3.3178027,13.955927
ACH-000344,54.2566,3.340963
ACH-000346,-47.730545,-22.161211
ACH-000348,33.158936,9.507196
ACH-000350,22.145393,-8.757517
ACH-000352,-12.296125,11.761522
ACH-000354,4.4212165,-2.8399978
ACH-000355,-53.8059,-26.223845
ACH-000356,-39.744534,-9.596018
ACH-000359,56.066864,1.695649
ACH-000361,26.177155,5.180329
ACH-000362,-52.51009,-25.376757
ACH-000363,-45.53153,-26.504599
ACH-000364,54.875626,1.6536685
ACH-000365,-51.0643,-24.58712
ACH-000366,-33.942287,-13.978648
ACH-000367,3.1828191,18.197498
ACH-000368,55.749374,2.2650347
ACH-000370,15.139793,17.418304
ACH-000371,-49.036144,-25.720419
ACH-000374,-0.3364777,19.748629
ACH-000375,-4.9143662,3.049447
ACH-000376,4.1657834,11.052859
ACH-000377,22.103676,-4.9401174
ACH-000378,8.633306,16.525755
ACH-000381,-17.025993,-2.300679
ACH-000383,24.125473,-2.6492097
ACH-000385,-1.5906286,17.352196
ACH-000387,-50.866158,-22.675276
ACH-000389,30.730082,3.1372736
ACH-000390,-7.5631547,-2.1969545
ACH-000391,-5.3915796,18.959621
ACH-000393,20.657112,14.208238
ACH-000395,-4.2742057,-5.062739
ACH-000397,16.643023,-3.489233
ACH-000398,-45.662537,-26.350357
ACH-000401,45.16441,3.366843
ACH-000402,-46.532806,-22.05911
ACH-000403,16.872232,-2.595388
ACH-000404,-4.5532126,0.7059786
ACH-000405,-45.62111,-25.68898
ACH-000406,-52.284374,-26.104834
ACH-000407,54.80371,2.19922
ACH-000408,-1.0303943,2.289417
ACH-000410,9.797433,16.72827
ACH-000411,19.953651,2.3701088
ACH-000414,-1.2175295,-5.8360343
ACH-000415,-18.92433,5.194952
ACH-000416,22.2607,7.8990827
ACH-000417,41.761074,1.4740566
ACH-000420,53.410805,5.1711116
ACH-000421,-9.314866,-3.2788246
ACH-000422,33.116737,11.938819
ACH-000424,-16.363163,-4.799172
ACH-000425,25.837984,7.3516817
ACH-000427,-19.633749,-0.35577425
ACH-000430,21.734167,-1.3384821
ACH-000431,-49.018444,-17.821465
ACH-000433,42.68886,4.059267
ACH-000434,1.533976,15.258472
ACH-000435,4.672285,12.151444
ACH-000436,-45.762592,-23.866423
ACH-000437,34.323418,11.49336
ACH-000438,-1.4027961,-2.8157475
ACH-000441,18.687412,13.304634
ACH-000442,0.062078267,16.919828
ACH-000444,19.769112,14.69621
ACH-000445,35.96209,-0.7834112
ACH-000448,7.374226,-2.0143769
ACH-000450,-15.047745,0.6547662
ACH-000452,18.525822,17.147707
ACH-000454,18.448748,-0.48567036
ACH-000455,3.0908756,7.597411
ACH-000456,13.147424,9.112747
ACH-000458,17.59735,2.177056
ACH-000459,52.537235,0.5849685
ACH-000460,44.121117,1.8052605
ACH-000461,-9.298454,6.956704
ACH-000463,-11.682472,9.534056
ACH-000464,37.558212,3.9363558
ACH-000466,3.9448164,14.696532
ACH-000467,-19.094753,-4.6387525
ACH-000468,61.417683,1.2515986
ACH-000469,57.920612,5.3124604
ACH-000470,-10.153899,-10.033663
ACH-000471,54.53794,2.5347388
ACH-000472,1.6013337,-3.7298915
ACH-000473,-18.084446,0.63383955
ACH-000475,3.8783388,0.58007693
ACH-000476,36.48188,3.8139222
ACH-000477,27.639929,6.100852
ACH-000478,54.37288,4.9642158
ACH-000480,14.68843,11.063114
ACH-000481,-8.90491,1.6286706
ACH-000483,28.656036,15.604123
ACH-000484,0.13554528,11.059077
ACH-000485,-23.823227,-11.497148
ACH-000486,17.794065,5.712545
ACH-000487,-52.897507,-25.72119
ACH-000488,-3.6222203,0.28260273
ACH-000489,-17.164686,-4.0482435
ACH-000490,7.9675922,-2.3982444
ACH-000491,-22.789248,-7.007072
ACH-000493,24.19234,10.702472
ACH-000495,15.986945,13.046186
ACH-000496,56.203716,3.4038236
ACH-000498,-52.67885,-23.6978
ACH-000499,-4.163929,-8.542301
ACH-000500,-8.790969,15.829083
ACH-000501,30.050798,2.789242
ACH-000502,22.874115,4.3148518
ACH-000503,8.151843,17.467762
ACH-000504,57.545383,4.524513
ACH-000505,35.166084,3.859771
ACH-000507,1.6265857,-7.9874506
ACH-000510,0.15604481,10.833729
ACH-000511,43.264194,3.6867528
ACH-000512,-46.54183,-26.190125
ACH-000514,-48.39837,-24.756266
ACH-000516,52.978687,2.4346418
ACH-000517,45.004574,2.7003214
ACH-000518,-2.1914306,4.012955
ACH-000520,9.700609,17.017014
ACH-000521,62.55323,2.563493
ACH-000522,55.86571,2.233006
ACH-000524,25.78992,9.111196
ACH-000525,-51.65698,-27.16095
ACH-000527,17.261835,5.030474
ACH-000528,-0.45839477,10.824202
ACH-000532,27.495337,-8.378654
ACH-000533,6.9116616,15.323496
ACH-000535,25.106852,-1.9893333
ACH-000537,51.195923,8.496399
ACH-000541,-48.697926,-26.422993
ACH-000542,18.233301,16.407982
ACH-000544,24.306068,-7.0291142
ACH-000545,24.748133,-2.635896
ACH-000546,10.036767,9.568264
ACH-000547,1.6848131,11.964631
ACH-000548,24.420467,1.7375027
ACH-000549,2.594387,1.4421005
ACH-000550,63.10921,2.434619
ACH-000551,-47.44203,-25.493216
ACH-000552,-21.009016,-9.271703
ACH-000554,-24.469591,2.5392802
ACH-000556,-1.2080575,9.818727
ACH-000557,-51.03206,-23.923912
ACH-000558,19.749779,16.615648
ACH-000559,-49.86985,-27.053778
ACH-000561,-13.681042,-2.8405573
ACH-000562,-6.956554,9.992228
ACH-000563,21.097178,10.391073
ACH-000565,-23.406115,-0.3608761
ACH-000567,-45.518883,-26.225098
ACH-000570,58.921623,-0.42817995
ACH-000571,33.016712,6.9518685
ACH-000573,1.824248,-4.069678
ACH-000576,-46.610058,-22.96167
ACH-000577,53.802982,2.6225736
ACH-000579,-4.565206,5.6351075
ACH-000580,16.253593,12.224628
ACH-000581,-21.901302,-12.116748
ACH-000583,-43.75755,-23.715794
ACH-000584,5.3800282,16.421803
ACH-000585,22.702177,0.40297243
ACH-000587,20.926191,7.212068
ACH-000588,-49.140003,-25.11507
ACH-000589,6.10846,-3.8405414
ACH-000591,55.114666,-0.25326088
ACH-000592,34.19076,12.30174
ACH-000593,37.845066,3.7278116
ACH-000595,21.041576,12.749735
ACH-000596,0.7158693,0.66842556
ACH-000597,1.9532605,16.762367
ACH-000599,-5.077696,1.7974101
ACH-000601,-3.1245399,1.4742861
ACH-000602,-48.914326,-27.094538
ACH-000604,-47.670376,-17.974327
ACH-000605,-15.0754795,11.574435
ACH-000606,5.060601,-0.83509445
ACH-000607,-12.075636,0.90273315
ACH-000608,18.631302,3.4285393
ACH-000609,11.997402,17.535511
ACH-000614,27.992832,2.494538
ACH-000616,30.599945,9.297174
ACH-000618,0.35575193,16.131344
ACH-000619,18.524801,-0.35279158
ACH-000620,18.905926,2.9421885
ACH-000621,33.661564,6.1782756
ACH-000622,19.678501,17.093073
ACH-000623,14.478169,16.34161
ACH-000624,-0.78198487,-4.921276
ACH-000627,33.902424,2.3473506
ACH-000630,57.413372,2.4698794
ACH-000632,59.044205,4.0568156
ACH-000633,-5.88692,-7.1554327
ACH-000634,10.708653,21.682997
ACH-000637,0.56527674,0.20098718
ACH-000638,-16.009241,13.306177
ACH-000639,-51.912914,-22.489693
ACH-000645,44.4356,4.2474785
ACH-000646,5.5220585,-3.5122366
ACH-000647,4.979655,14.350955
ACH-000648,29.343628,4.3133354
ACH-000649,28.789679,6.0525846
ACH-000651,-18.128477,-1.638673
ACH-000652,24.085117,9.666377
ACH-000653,-46.388626,-26.21381
ACH-000654,-49.176296,-25.569513
ACH-000655,-13.327906,16.114033
ACH-000656,-46.06464,-26.137665
ACH-000657,10.104565,-4.6193395
ACH-000660,-47.920033,-23.158028
ACH-000661,-7.7325153,12.207923
ACH-000662,-1.5207518,-3.133557
ACH-000663,32.996994,1.3604459
ACH-000664,-26.6723,-11.915526
ACH-000665,28.392057,7.4683867
ACH-000666,45.43443,1.8667539
ACH-000667,28.545658,1.6223711
ACH-000668,-16.198494,10.692227
ACH-000671,27.907112,-5.5899734
ACH-000673,19.033453,8.178919
ACH-000676,-8.59641,5.7480135
ACH-000677,18.191544,17.615732
ACH-000680,-22.411358,-8.257163
ACH-000681,23.905111,2.6805344
ACH-000682,-9.798018,13.067163
ACH-000683,-17.39816,-2.6147234
ACH-000684,62.016933,1.504721
ACH-000685,-5.8714476,-2.6120446
ACH-000688,62.560425,2.4688833
ACH-000693,-1.9478891,6.894294
ACH-000694,-0.20808871,-4.49053
ACH-000695,-51.36234,-24.815977
ACH-000696,4.0582433,16.429356
ACH-000697,-48.00259,-25.091139
ACH-000698,-51.504665,-21.262047
ACH-000699,14.890146,13.271213
ACH-000700,-3.243201,3.8567193
ACH-000701,0.5781822,-7.9023695
ACH-000702,-49.19089,-22.197872
ACH-000704,20.056025,3.7286482
ACH-000706,24.129265,12.133871
ACH-000709,57.959393,2.8783712
ACH-000711,5.4365096,2.917272
ACH-000713,-2.7762833,15.677626
ACH-000714,-46.38485,-23.007725
ACH-000716,-3.1014647,7.8294754
ACH-000717,16.099314,10.432081
ACH-000718,15.970948,11.170307
ACH-000719,22.025553,-2.5986452
ACH-000720,34.437595,8.226914
ACH-000721,-4.717418,4.8247976
ACH-000722,-13.062957,-16.192036
ACH-000724,29.874605,-1.5021453
ACH-000725,-18.765696,8.009745
ACH-000732,-8.35118,16.04826
ACH-000734,1.6833593,5.239946
ACH-000735,45.71528,2.1692686
ACH-000736,-16.108177,-5.866207
ACH-000738,12.578406,17.823038
ACH-000739,-7.3338203,11.791841
ACH-000740,-8.951724,1.5042847
ACH-000741,13.974712,8.40318
ACH-000746,-22.821177,0.58612394
ACH-000747,-8.719026,13.601128
ACH-000748,15.470085,18.136942
ACH-000753,7.456934,17.005487
ACH-000754,-52.02572,-24.462372
ACH-000756,34.60219,2.7625973
ACH-000757,1.777619,16.637321
ACH-000758,-14.538414,14.697775
ACH-000760,0.5932145,15.305617
ACH-000762,32.26471,5.567801
ACH-000763,-49.29033,-24.89539
ACH-000764,30.424713,2.3934245
ACH-000765,20.882507,11.289303
ACH-000766,30.912096,1.0004166
ACH-000767,-49.085403,-19.183886
ACH-000768,18.080421,16.359013
ACH-000769,-11.793013,-2.1080434
ACH-000770,-50.791656,-24.376661
ACH-000771,34.643925,1.4630095
ACH-000773,-46.228844,-24.370293
ACH-000774,-2.2454863,10.453774
ACH-000775,-18.476871,9.271603
ACH-000776,-2.6770024,3.2647884
ACH-000777,31.812685,-3.9495115
ACH-000778,3.2153392,15.473493
ACH-000781,18.244072,5.645211
ACH-000782,-44.599724,-26.046276
ACH-000783,-19.608755,-1.1532097
ACH-000784,-1.508415,-6.4423413
ACH-000785,1.0534438,-8.508003
ACH-000787,33.10894,10.773404
ACH-000788,46.201664,3.239024
ACH-000790,-49.025414,-21.582405
ACH-000791,1.1028824,2.37872
ACH-000792,37.649742,10.083982
ACH-000793,-12.755895,-10.315143
ACH-000794,2.1080444,-2.2240133
ACH-000796,3.9315057,5.1141996
ACH-000799,-12.487746,14.561095
ACH-000800,-31.658865,2.1045225
ACH-000801,-9.029243,-1.406699
ACH-000802,18.786936,1.3469529
ACH-000804,-39.615818,-13.716502
ACH-000805,-13.843636,10.157981
ACH-000807,-1.4583907,16.351582
ACH-000809,1.5069476,9.151416
ACH-000810,28.705091,6.881642
ACH-000811,35.408607,9.318498
ACH-000814,23.83954,12.257726
ACH-000817,-49.783165,-26.795214
ACH-000819,11.275342,16.59602
ACH-000820,-10.945969,-12.396804
ACH-000821,-50.242264,-27.68259
ACH-000822,-7.2904077,14.449182
ACH-000823,-9.538049,9.715659
ACH-000824,10.412453,10.828019
ACH-000826,31.33563,-3.1359086
ACH-000827,5.8683057,19.330643
ACH-000829,-49.917183,-24.707476
ACH-000831,-4.2111897,16.757349
ACH-000832,-5.961147,11.858539
ACH-000833,-6.430603,7.751124
ACH-000834,18.052786,-1.5693367
ACH-000835,40.284767,5.3907137
ACH-000836,27.090117,5.012696
ACH-000837,-7.4303927,9.099809
ACH-000838,-51.38794,-25.875032
ACH-000839,46.614197,3.1814167
ACH-000840,53.74103,3.3564272
ACH-000841,2.4384694,1.9338702
ACH-000843,-7.3500443,-4.10513
ACH-000845,-7.2898335,12.973118
ACH-000846,0.9132386,-0.73911756
ACH-000847,-12.465069,-8.028551
ACH-000848,-0.80668646,10.591767
ACH-000849,3.69387,15.44052
ACH-000851,-13.900128,-10.26317
ACH-000853,7.884552,18.020014
ACH-000855,8.380649,10.015629
ACH-000856,24.174059,10.890957
ACH-000858,-3.14963,-6.6170845
ACH-000859,-3.852356,16.632143
ACH-000860,0.9871655,-3.4307542
ACH-000861,24.503101,5.417384
ACH-000862,-18.55371,0.8190973
ACH-000863,24.996208,10.5836525
ACH-000864,-52.768097,-22.65779
ACH-000865,-7.1676645,5.656222
ACH-000866,-5.358303,7.47252
ACH-000867,-1.5030226,-5.033845
ACH-000869,19.306364,-2.7471313
ACH-000872,31.223814,-2.2600367
ACH-000873,-9.227616,7.0957355
ACH-000876,1.7369972,12.310413
ACH-000878,-14.660984,9.409902
ACH-000879,-17.422518,0.5260742
ACH-000880,1.8469766,11.661518
ACH-000881,-13.886984,14.998768
ACH-000882,-5.8416214,5.361177
ACH-000884,-1.2690005,4.175658
ACH-000885,38.01205,5.989598
ACH-000886,-2.315041,3.2286017
ACH-000887,11.6881,8.386373
ACH-000888,-5.250589,7.8328233
ACH-000889,-47.003696,-25.324846
ACH-000890,29.629522,12.522589
ACH-000894,-22.810724,2.8846302
ACH-000896,5.710366,1.151405
ACH-000898,-19.700226,-9.764563
ACH-000899,-5.5373855,9.66257
ACH-000900,-7.078761,15.910934
ACH-000901,22.351982,11.831482
ACH-000903,32.511917,8.158749
ACH-000905,18.610706,0.08848418
ACH-000906,10.544658,18.352215
ACH-000907,60.459618,4.86296
ACH-000910,-18.86681,8.126088
ACH-000911,-12.066101,11.560401
ACH-000912,15.560119,14.824822
ACH-000913,21.318491,16.229496
ACH-000914,-48.80953,-26.164291
ACH-000915,40.14398,1.5217483
ACH-000916,-18.968779,1.1663573
ACH-000917,-7.6642118,8.239658
ACH-000919,-22.282232,-5.3179994
ACH-000921,-2.7573063,12.560983
ACH-000922,-30.77906,-18.447132
ACH-000924,20.457798,2.4530606
ACH-000926,-17.457638,-8.107625
ACH-000928,-17.567093,10.12547
ACH-000929,-6.2098503,4.8780174
ACH-000932,-1.6452194,12.064236
ACH-000934,5.702667,6.0330377
ACH-000935,56.168262,5.7782216
ACH-000936,-5.520862,0.302587
ACH-000937,-50.786495,-24.367405
ACH-000938,-45.973915,-25.178259
ACH-000939,24.267431,-0.37529254
ACH-000941,8.029376,8.837894
ACH-000943,-4.5208154,-4.01428
ACH-000944,-51.971123,-26.388746
ACH-000945,-3.4805114,1.8407837
ACH-000946,-0.07281221,16.87517
ACH-000947,-20.595766,11.702844
ACH-000948,-14.586488,-0.78677875
ACH-000950,-15.637238,-2.4599
ACH-000953,-50.801987,-24.513006
ACH-000956,-17.904377,-3.8389077
ACH-000957,-16.371622,-5.281524
ACH-000958,-11.962526,7.659326
ACH-000959,-21.042797,-6.1894426
ACH-000960,-49.352036,-27.713253
ACH-000961,-15.645569,9.576564
ACH-000962,-16.425827,9.612468
ACH-000963,-28.10114,-13.403224
ACH-000965,24.450405,1.3470117
ACH-000966,25.01388,11.015261
ACH-000968,-4.0731683,2.4302435
ACH-000969,-19.518103,-5.594848
ACH-000970,-6.4290924,16.694262
ACH-000971,2.0130947,-3.651696
ACH-000973,28.486116,2.483781
ACH-000974,-5.2554197,6.9634967
ACH-000975,31.192505,8.102641
ACH-000976,7.703929,7.219231
ACH-000977,-24.756325,-3.4907315
ACH-000978,-17.59308,10.879236
ACH-000980,-52.03604,-24.277933
ACH-000983,-46.840675,-20.291216
ACH-000984,-13.11946,11.828381
ACH-000985,-23.196482,-2.520807
ACH-000986,-21.928913,-1.7566572
ACH-000988,19.806171,17.857006
ACH-000991,-24.138113,0.92259216
ACH-000993,-2.3792098,14.214777
ACH-000994,-1.0152636,13.941457
ACH-000995,-33.29729,-12.909198
ACH-000996,-6.284307,17.348743
ACH-000997,-10.394057,8.6822405
ACH-001001,13.653552,18.271212
ACH-001016,-0.39205793,12.2555
ACH-001020,-11.423364,15.314617
ACH-001028,-13.925115,-3.509687
ACH-001029,0.86253285,-5.603963
ACH-001031,1.5765048,17.155005
ACH-001033,-19.862406,4.266944
ACH-001036,-46.6296,-21.649021
ACH-001038,-38.675205,-14.913909
ACH-001041,51.487732,5.2396464
ACH-001048,60.547523,4.0978694
ACH-001050,59.602863,3.5558624
ACH-001053,-11.773589,-5.470517
ACH-001054,-24.573418,-7.0058703
ACH-001061,-10.110719,1.9399972
ACH-001067,21.655441,10.832648
ACH-001075,-9.573508,15.193751
ACH-001096,-11.550365,2.5828497
ACH-001098,-9.837857,5.457751
ACH-001099,21.980238,-9.149601
ACH-001128,-9.673794,-1.4238082
ACH-001129,-49.6425,-24.321726
ACH-001134,-47.065746,-25.93676
ACH-001145,3.5398371,15.154592
ACH-001151,41.47679,5.211034
ACH-001163,10.765487,11.717381
ACH-001164,-1.2012177,12.198258
ACH-001172,1.6031116,-0.23481789
ACH-001183,-16.470362,1.3466637
ACH-001184,-21.945503,14.115582
ACH-001188,-51.508842,-22.744638
ACH-001190,29.337282,9.9464245
ACH-001192,-21.130503,0.22898176
ACH-001193,-17.200613,-1.0998192
ACH-001194,26.92964,6.354984
ACH-001196,-8.5525255,10.558355
ACH-001197,-47.908974,-21.127008
ACH-001211,-20.542599,12.061121
ACH-001228,-23.668047,-6.608129
ACH-001229,-3.1937702,8.838934
ACH-001232,45.70743,8.590242
ACH-001239,-6.59406,7.999429
ACH-001274,52.42814,0.8535209
ACH-001275,-6.6412406,5.430045
ACH-001277,-17.961962,10.307027
ACH-001278,-3.8424063,6.512497
ACH-001279,40.7149,-1.8778894
ACH-001280,-1.4167223,9.040809
ACH-001283,-21.49566,-7.770418
ACH-001289,-5.250775,19.54372
ACH-001295,-52.24667,-21.620298
ACH-001300,-50.678185,-24.95437
ACH-001301,-52.18593,-23.181976
ACH-001302,-51.235172,-17.202763
ACH-001303,-48.149467,-18.097626
ACH-001306,56.052612,1.9560788
ACH-001307,61.297863,1.3632482
ACH-001310,56.346767,5.091249
ACH-001318,-12.312837,14.98636
ACH-001322,-11.088441,14.3747835
ACH-001328,28.468985,-6.4184427
ACH-001329,35.101887,11.646074
ACH-001332,-14.660383,8.476759
ACH-001333,-10.135761,14.81314
ACH-001334,16.244438,-0.3600009
ACH-001335,17.83988,-1.338154
ACH-001336,-13.700506,14.332726
ACH-001338,-45.776997,-21.927265
ACH-001340,6.7210875,10.240743
ACH-001341,-6.493868,6.909348
ACH-001344,51.091442,5.4967265
ACH-001345,-19.952995,-7.99289
ACH-001346,-0.10490765,11.8871155
ACH-001347,4.2295327,8.891747
ACH-001353,28.486656,-1.9278386
ACH-001354,-49.13421,-20.403496
ACH-001356,1.5243056,16.843208
ACH-001360,-12.080243,2.831281
ACH-001366,-52.985844,-25.046106
ACH-001368,-9.341963,-2.0854974
ACH-001370,49.296112,3.1851492
ACH-001374,-22.776363,3.3725564
ACH-001375,28.864403,-5.9490576
ACH-001377,-13.397629,13.003426
ACH-001379,26.724236,2.996439
ACH-001380,34.193565,4.1302238
ACH-001382,55.581795,-0.37583795
ACH-001385,3.9330654,8.6338625
ACH-001386,-50.694645,-23.988668
ACH-001388,-35.25129,-18.876226
ACH-001389,32.83675,12.002019
ACH-001390,1.304168,-13.744357
ACH-001391,8.762184,-7.2337866
ACH-001393,-21.985931,1.5353769
ACH-001394,27.667177,-4.9338946
ACH-001396,-6.2577453,-8.075958
ACH-001398,28.112177,-4.80934
ACH-001399,26.105991,-2.8109455
ACH-001400,26.89823,-8.715272
ACH-001402,6.461127,14.682772
ACH-001403,31.318779,9.20659
ACH-001407,32.099186,-2.9678102
ACH-001408,11.712462,12.0362835
ACH-001409,-14.888733,11.999538
ACH-001411,0.59672284,-5.379567
ACH-001412,21.924017,-3.7271798
ACH-001413,18.603804,7.0361075
ACH-001414,29.28755,-7.1087303
ACH-001415,-1.4589902,8.400764
ACH-001416,-21.081081,4.128507
ACH-001418,3.449761,17.427238
ACH-001419,-20.851267,-5.0688457
ACH-001421,-48.569374,-21.691587
ACH-001422,-11.02569,13.748613
ACH-001430,-18.888689,12.4868965
ACH-001431,-51.12039,-24.306852
ACH-001433,58.717133,2.7608101
ACH-001442,-19.771906,10.847013
ACH-001443,-7.262072,17.56456
ACH-001450,-47.14211,-21.61833
ACH-001451,24.72707,13.1736965
ACH-001453,27.913073,-8.025998
ACH-001454,2.2896209,4.4211555
ACH-001458,-20.78432,-14.084176
ACH-001459,21.641651,-12.839807
ACH-001460,-23.362251,-10.785308
ACH-001461,-31.371056,-9.330334
ACH-001484,-48.35383,-26.851475
ACH-001485,-49.0741,-21.29939
ACH-001494,29.341002,-1.65521
ACH-001495,-8.400369,14.729647
ACH-001496,-22.249664,-0.2316895
ACH-001497,-25.000654,2.7497833
ACH-001498,-47.75026,-27.204823
ACH-001500,32.456238,1.3804815
ACH-001509,25.44298,-8.803708
ACH-001510,26.37723,-5.999249
ACH-001511,15.63558,4.536576
ACH-001513,-17.86716,-0.49419478
ACH-001515,-0.5560591,8.704392
ACH-001517,1.1991805,14.983607
ACH-001518,-13.760781,12.021418
ACH-001520,-52.618538,-25.743258
ACH-001521,30.678812,-7.619812
ACH-001522,-9.557488,6.7158375
ACH-001523,0.63569534,-0.66287726
ACH-001524,-1.6405193,-5.1834
ACH-001525,-20.99027,-4.881608
ACH-001526,1.7464197,15.183833
ACH-001528,-5.933239,7.6525736
ACH-001529,-18.28863,-0.9335219
ACH-001530,3.3854907,-10.201451
ACH-001532,-10.538262,9.962833
ACH-001533,-52.95216,-25.57137
ACH-001536,60.083157,3.824996
ACH-001538,40.602577,-7.22275
ACH-001539,-48.036728,-20.829348
ACH-001542,2.7627575,-2.078883
ACH-001543,29.491146,-0.953638
ACH-001547,60.1485,1.8694743
ACH-001548,-35.71397,-1.3518794
ACH-001549,-52.73066,-22.835482
ACH-001550,25.171455,17.737516
ACH-001551,35.73825,0.4758493
ACH-001552,58.372154,5.703256
ACH-001554,-14.661918,-2.1802454
ACH-001555,14.334224,16.807438
ACH-001556,7.3301105,18.818642
ACH-001557,28.337255,6.3779564
ACH-001558,24.355299,8.614499
ACH-001559,9.560551,11.24712
ACH-001560,48.036133,0.8066979
ACH-001562,46.36287,3.402911
ACH-001563,56.361965,3.3535798
ACH-001566,-9.811733,-5.6720862
ACH-001567,49.40357,1.964119
ACH-001568,-4.2596526,-2.3764856
ACH-001570,21.335655,2.1684623
ACH-001574,-46.40033,-22.56041
ACH-001577,-51.433506,-26.944569
ACH-001603,-47.162857,-18.034657
ACH-001605,21.372404,7.6416626
ACH-001607,30.763123,4.1713195
ACH-001608,22.566364,-2.6975143
ACH-001609,30.097942,11.085241
ACH-001610,-16.311203,11.272491
ACH-001611,30.685495,12.9803505
ACH-001616,-44.453255,-25.993917
ACH-001618,-43.48915,-23.698399
ACH-001619,23.340076,9.996603
ACH-001622,54.32223,0.015392906
ACH-001623,50.513504,1.2872081
ACH-001624,29.84564,11.339645
ACH-001625,26.748072,-2.5849574
ACH-001626,10.341794,13.903978
ACH-001627,-4.3069825,-4.455432
ACH-001628,59.569206,1.821221
ACH-001630,8.277762,2.5473387
ACH-001632,-5.29412,2.8289196
ACH-001634,-49.93645,-22.958637
ACH-001641,-7.266215,-1.7878314
ACH-001645,21.999485,10.799676
ACH-001647,-45.511215,-26.191566
ACH-001648,27.121094,0.17404397
ACH-001649,-10.208935,17.566473
ACH-001650,25.091091,1.9284467
ACH-001651,5.4930487,10.003132
ACH-001652,4.4304113,17.694836
ACH-001653,2.0201864,-3.352638
ACH-001654,34.400715,5.521563
ACH-001655,-3.1710796,18.232569
ACH-001656,-52.185646,-25.545816
ACH-001664,25.04097,-0.9114663
ACH-001668,30.521656,-3.0244832
ACH-001669,-52.652805,-25.92747
ACH-001670,-17.440895,-1.7331249
ACH-001673,1.7366023,-1.7535143
ACH-001674,-50.64909,-24.372425
ACH-001677,-47.55919,-17.879393
ACH-001685,-24.092722,-10.502758
ACH-001687,-16.913605,9.173293
ACH-001688,61.889133,0.38584712
ACH-001690,22.83091,-0.3042843
ACH-001692,-0.050816424,-5.6188073
ACH-001694,14.456348,4.8370757
ACH-001696,29.988712,-3.9921925
ACH-001698,-13.284535,-16.87852
ACH-001699,-16.456547,8.721044
ACH-001701,2.1777413,-6.7609534
ACH-001702,15.303606,14.237085
ACH-001707,-48.89205,-27.640543
ACH-001709,-43.642254,-23.895685
ACH-001711,-21.125391,18.894176
ACH-001715,-1.1927725,17.059645
ACH-001719,-9.7768545,15.357744
ACH-001735,-47.242493,-26.014563
ACH-001736,-48.44524,-29.86352
ACH-001737,-44.43477,-25.097286
ACH-001740,-21.294868,13.994003
ACH-001745,-20.984549,14.167947
ACH-001750,49.15879,5.3259273
ACH-001765,-19.055532,-4.869799
ACH-001786,-27.347532,-2.941585
ACH-001791,47.081738,1.1953179
ACH-001793,31.946257,12.506262
ACH-001794,56.646282,2.92857
ACH-001795,57.473675,2.5171719
ACH-001796,56.157265,2.634032
ACH-001799,23.165054,17.233305
ACH-001802,19.2109,4.938713
ACH-001804,56.32323,3.5444217
ACH-001814,24.102055,8.024835
ACH-001819,-10.206155,-0.55676603
ACH-001820,-5.0472856,0.14457785
ACH-001834,13.117432,19.474709
ACH-001835,-12.59676,12.760265
ACH-001836,20.7454,15.091023
ACH-001838,48.242054,0.5097929
ACH-001839,11.361827,13.014608
ACH-001841,-15.167582,13.502469
ACH-001842,-11.505137,6.6529994
ACH-001843,55.782997,4.87787
ACH-001844,-6.0641875,5.387015
ACH-001848,27.876171,3.9836519
ACH-001849,25.376385,-8.478226
ACH-001850,6.578157,15.29286
ACH-001852,35.01473,-0.2447127
ACH-001853,-4.1760745,-4.813655
ACH-001856,49.712727,4.124246
ACH-001857,-17.665937,16.024632
ACH-001858,32.192776,12.231104
ACH-001861,-15.924828,13.452291
ACH-001862,52.689224,7.1437197
ACH-001863,-4.6551795,-4.0603414
ACH-001864,-3.0113842,1.4381158
ACH-001959,59.356308,5.1938486
ACH-001960,16.246147,-2.1459076
ACH-001961,-7.0344872,12.227877
ACH-001970,-4.6932936,-4.4916396
ACH-001973,-7.901108,13.168226
ACH-001977,2.313921,16.802092
ACH-001982,-5.948638,5.4367557
ACH-001991,-53.29698,-21.542633
ACH-001992,33.925434,12.232658
ACH-001993,-49.15731,-24.95759
ACH-001997,41.880924,0.41409317
ACH-001999,-24.793716,6.1255894
ACH-002001,50.302177,0.8106816
ACH-002002,45.970665,0.59524786
ACH-002003,48.054173,0.3031543
ACH-002004,-4.5052576,12.938868
ACH-002005,-25.891262,12.464101
ACH-002014,-28.141504,-6.5047293
ACH-002015,51.36204,2.2281568
ACH-002016,58.36844,5.4686728
ACH-002017,28.05032,-2.071905
ACH-002018,3.634206,6.7767634
ACH-002019,9.058667,-2.4280803
ACH-002021,-6.6188993,-0.14371231
ACH-002023,-12.027599,15.657665
ACH-002024,-49.11424,-30.015787
ACH-002025,-2.0895066,-6.5306034
ACH-002026,-1.788097,16.434507
ACH-002027,-17.022593,8.9678755
ACH-002029,1.7759238,0.5471096
ACH-002039,0.8379733,-7.0633082
ACH-002041,26.80652,6.1710286
ACH-002042,47.07916,3.2273715
ACH-002044,-19.54693,-4.506354
ACH-002045,-20.150177,9.499076
ACH-002046,20.863216,17.786554
ACH-002048,-11.964857,13.167888
ACH-002055,-51.414772,-26.67619
ACH-002059,-49.98778,-28.985592
ACH-002061,-47.14605,-20.146646
ACH-002062,-51.264603,-19.454954
ACH-002066,35.06708,6.6670628
ACH-002067,-20.766628,14.571719
ACH-002069,53.26054,5.695425
ACH-002080,-52.822033,-22.615574
ACH-002084,1.0609608,-0.80913097
ACH-002446,-19.468393,16.396812
ACH-002458,-4.2073336,11.715857
ACH-002459,28.408604,8.109714
ACH-002460,-5.6967154,10.477752
ACH-002461,50.15158,1.2869905
ACH-002462,57.730587,5.9918747
ACH-002463,62.863586,2.5555372
ACH-002464,63.05134,2.8749619
ACH-002465,58.1599,6.0293636
ACH-002467,62.032448,2.8835201
ACH-002471,-3.8728857,17.72261
ACH-002508,59.416798,4.93508
ACH-002510,-11.850794,0.9075383
ACH-002511,37.046978,9.506772
ACH-002647,23.772902,2.5425737
ACH-002659,-25.203453,-10.292952
ACH-002664,13.387507,-0.28027776
ACH-002669,12.108346,5.771189
ACH-002672,37.077835,3.6279023
ACH-002680,62.808884,3.0923405
ACH-002687,-22.585724,14.799259
ACH-002693,2.1039786,18.294624
ACH-002710,54.300205,2.0927067
ACH-002785,23.119646,15.648017
ACH-002800,29.125164,9.0423565
ACH-002834,39.875248,10.381191
ACH-002847,51.880733,2.2994275
ACH-002926,-20.028135,-0.75179857
