,Dim1,Dim2
ACH-000001,-42.414543,-0.67976904
ACH-000004,-44.073048,5.3982406
ACH-000005,-46.672787,4.8035507
ACH-000007,60.195698,14.8753195
ACH-000009,-41.25301,1.443826
ACH-000011,71.663635,5.58558
ACH-000012,-33.851315,-10.333665
ACH-000013,-47.173588,4.277236
ACH-000015,-45.105366,6.965602
ACH-000017,-44.190277,2.9950862
ACH-000018,-2.6457658,2.1667712
ACH-000019,43.885174,2.153297
ACH-000021,-5.577932,14.013302
ACH-000022,-13.259406,12.685382
ACH-000023,-28.241863,-7.60629
ACH-000024,-23.129026,-12.705204
ACH-000025,16.672205,-1.8055404
ACH-000028,46.949116,7.107905
ACH-000029,-46.704895,-2.3739033
ACH-000030,-28.927294,-3.6480436
ACH-000035,-4.6390862,-7.6561418
ACH-000036,49.44356,1.8799088
ACH-000037,11.717711,2.143205
ACH-000039,-48.123688,7.518576
ACH-000040,15.049514,8.175072
ACH-000041,-49.305874,6.2566357
ACH-000042,-39.031925,-10.936897
ACH-000045,49.182735,0.26189768
ACH-000048,-48.374546,4.1812134
ACH-000052,-29.408493,-0.5299176
ACH-000053,-13.946735,2.9197009
ACH-000054,68.11572,3.3029063
ACH-000055,33.970215,-1.8137577
ACH-000060,-32.682777,1.8103147
ACH-000067,-10.740609,11.951127
ACH-000070,39.65582,17.313374
ACH-000074,-24.77303,4.0789285
ACH-000075,52.226105,1.5231591
ACH-000076,5.582689,-10.037003
ACH-000077,65.30566,5.8827925
ACH-000078,36.862053,-3.1719434
ACH-000082,-1.2223771,1.1449658
ACH-000085,-20.294538,-17.564674
ACH-000086,39.45459,-3.095905
ACH-000087,-46.686916,7.28361
ACH-000092,-7.2320113,15.880164
ACH-000093,84.27837,12.305458
ACH-000094,-19.07595,-9.552903
ACH-000095,-31.257025,3.9890208
ACH-000096,83.655174,14.5024185
ACH-000097,63.227596,15.749029
ACH-000098,-7.9946365,-3.4279714
ACH-000099,43.390686,-0.94364667
ACH-000101,-47.933662,5.5410814
ACH-000103,-47.825386,1.793972
ACH-000108,-38.78337,9.414808
ACH-000111,-3.2908375,-15.161507
ACH-000113,45.904793,-0.697858
ACH-000114,-21.517666,-12.308269
ACH-000115,-23.852615,-5.61942
ACH-000116,-46.06382,1.9801254
ACH-000118,-20.050947,9.71968
ACH-000120,39.006588,-2.7855122
ACH-000123,65.175354,2.39773
ACH-000124,44.494022,12.257647
ACH-000127,-7.122556,-2.0214167
ACH-000128,-33.137062,-0.02663634
ACH-000132,-35.165104,-5.8288364
ACH-000133,-1.360765,9.109307
ACH-000137,-6.477793,3.3389087
ACH-000138,-19.923187,-2.4593828
ACH-000139,-27.748365,-9.638594
ACH-000141,-16.911802,-15.110441
ACH-000142,-12.067113,-13.293719
ACH-000143,-46.840126,1.6627965
ACH-000144,-25.960562,-14.228549
ACH-000145,24.80352,-4.1998816
ACH-000146,-22.084793,4.3175592
ACH-000147,-6.906141,-2.0501053
ACH-000148,-5.8237133,3.0175354
ACH-000149,70.78293,8.143965
ACH-000150,-7.488413,-7.801715
ACH-000151,12.879233,1.7157767
ACH-000152,-4.1130633,4.600569
ACH-000153,70.568375,3.2340164
ACH-000155,42.518204,-0.3243327
ACH-000159,69.624794,4.3592043
ACH-000160,79.951546,12.947491
ACH-000161,55.75914,3.3984566
ACH-000163,-15.425111,12.253421
ACH-000164,-14.914275,-3.4647424
ACH-000167,38.042816,1.3277283
ACH-000168,-0.7514177,-0.54627144
ACH-000169,-22.890455,-10.848799
ACH-000172,79.905716,10.942886
ACH-000174,-24.06298,4.1948314
ACH-000176,-5.332197,13.978125
ACH-000178,-10.415613,-15.117451
ACH-000181,-18.646893,-21.466236
ACH-000182,-7.2610393,-7.9160247
ACH-000183,17.571632,12.866881
ACH-000187,-50.261116,6.2903533
ACH-000188,-27.502016,-14.766335
ACH-000189,72.34648,5.548986
ACH-000190,23.941317,-3.8986356
ACH-000191,33.56564,-3.7665899
ACH-000192,-22.048101,-12.97749
ACH-000195,-17.915783,4.531389
ACH-000198,7.9655714,-0.39859033
ACH-000200,83.598366,11.732829
ACH-000202,-48.09362,5.667795
ACH-000204,-49.0586,4.41028
ACH-000206,12.46562,8.851584
ACH-000207,-36.561756,-14.116202
ACH-000209,71.78685,12.291474
ACH-000211,-9.412273,-4.786965
ACH-000212,-34.198734,11.896464
ACH-000213,-22.092213,-17.532476
ACH-000215,19.140894,4.066941
ACH-000217,-8.9624195,-5.092349
ACH-000219,42.831215,-0.5671157
ACH-000221,-47.122066,3.4769275
ACH-000222,-6.373647,6.136224
ACH-000223,-18.937626,-9.680561
ACH-000226,35.025482,18.04538
ACH-000227,33.09161,-3.4351625
ACH-000228,-15.554796,-9.76985
ACH-000231,-6.3148594,11.791212
ACH-000232,19.118288,0.41826892
ACH-000233,-15.470451,-13.422436
ACH-000234,72.8849,9.460008
ACH-000235,-8.154161,-5.3655086
ACH-000237,-4.200441,12.375366
ACH-000238,-20.876198,-19.319101
ACH-000243,-29.687834,-15.296058
ACH-000244,85.84639,13.302697
ACH-000246,83.18515,14.498516
ACH-000247,53.99007,2.5473652
ACH-000248,-45.802155,2.8268046
ACH-000249,-21.014133,-7.8945117
ACH-000250,-17.842953,0.24589741
ACH-000251,-23.236183,5.0615106
ACH-000252,-5.8628182,4.4286284
ACH-000253,-28.544432,4.7320476
ACH-000255,-14.144606,8.488761
ACH-000256,-46.56519,1.8584284
ACH-000257,-24.731966,-10.828978
ACH-000258,-2.8305078,-14.798637
ACH-000259,37.439747,-3.6688848
ACH-000260,-30.940825,-9.029447
ACH-000261,-24.951492,2.2141554
ACH-000262,75.87208,11.952491
ACH-000263,-41.103786,0.48178396
ACH-000264,-24.476212,4.398468
ACH-000265,-17.893484,5.203009
ACH-000266,-9.578187,-8.558184
ACH-000269,69.03555,1.9241593
ACH-000271,-46.605534,7.4557915
ACH-000272,14.743874,-6.1731315
ACH-000273,-6.7517776,8.093637
ACH-000274,70.537834,3.17072
ACH-000276,-22.393991,-9.452114
ACH-000277,-29.904383,-11.741732
ACH-000278,-24.300457,5.719922
ACH-000279,-45.70821,7.352244
ACH-000280,57.754787,1.9021697
ACH-000281,-2.9700286,-8.210848
ACH-000282,-21.549255,6.664418
ACH-000286,-27.752848,-8.714132
ACH-000288,-15.040781,11.034411
ACH-000290,-11.624159,-3.960022
ACH-000291,-14.703952,17.089502
ACH-000292,-48.702007,2.7852504
ACH-000293,-40.03721,-7.6962404
ACH-000294,-36.821545,0.20655634
ACH-000295,-43.160984,4.58188
ACH-000296,-36.135124,-8.409585
ACH-000302,-40.41375,1.690623
ACH-000303,-26.53932,3.508716
ACH-000304,78.117355,15.719051
ACH-000305,-18.880192,-22.526096
ACH-000307,-31.828714,-1.3819137
ACH-000308,21.682022,0.7852057
ACH-000310,34.58641,-2.6170607
ACH-000311,72.4807,10.650085
ACH-000312,-49.234497,4.493454
ACH-000313,53.037724,2.5016034
ACH-000315,-41.899952,3.9879155
ACH-000316,8.987334,9.585152
ACH-000317,60.203857,4.6743536
ACH-000318,-6.0222974,-11.602495
ACH-000319,-5.4834185,13.890326
ACH-000320,-31.788887,0.0826948
ACH-000322,52.469315,2.0972176
ACH-000323,-14.182936,10.111791
ACH-000324,54.92784,3.085608
ACH-000325,-18.26254,-0.80763394
ACH-000326,-24.786255,1.9927895
ACH-000329,53.965023,20.651022
ACH-000330,-45.095875,4.608262
ACH-000331,16.519648,0.060415026
ACH-000332,-17.179852,-11.9225855
ACH-000334,-48.938976,4.1359735
ACH-000335,64.31203,5.6318
ACH-000336,-25.655691,-0.9921427
ACH-000337,-4.9220815,-12.7097845
ACH-000339,-28.49287,1.0137513
ACH-000341,-6.180887,-5.0892205
ACH-000343,-27.423258,-8.971801
ACH-000344,-24.147469,-6.9020505
ACH-000346,51.032307,5.822664
ACH-000348,18.194098,0.8932899
ACH-000350,34.21445,17.876741
ACH-000352,-34.943405,14.012761
ACH-000354,-0.6020387,1.2372538
ACH-000355,-44.773,7.2606807
ACH-000356,21.233633,14.185544
ACH-000359,-18.876308,-5.9577737
ACH-000361,74.064835,8.19206
ACH-000362,18.23828,5.4779854
ACH-000363,19.079348,1.2125719
ACH-000364,48.367336,-0.60064334
ACH-000365,-41.0177,4.8609834
ACH-000366,-43.732594,7.6565323
ACH-000367,71.2835,3.2097912
ACH-000368,-6.6215005,10.650891
ACH-000370,-1.1595526,-9.322943
ACH-000371,-27.062199,1.177156
ACH-000374,10.75133,-6.007337
ACH-000375,77.7888,9.208848
ACH-000376,-10.106063,11.110323
ACH-000377,-10.359291,-8.896904
ACH-000378,-5.511702,-6.2416277
ACH-000381,-4.3815875,-0.0060058814
ACH-000383,-32.440506,-5.012122
ACH-000385,51.23365,1.5005264
ACH-000387,-35.158646,4.4993587
ACH-000389,72.81597,7.266885
ACH-000390,-24.585484,-13.522649
ACH-000391,-41.263992,7.6298056
ACH-000393,-26.18274,-1.4519479
ACH-000395,-33.29585,3.5904393
ACH-000397,-44.88619,1.3689162
ACH-000398,-10.857471,-5.847878
ACH-000401,-1.4009483,9.988434
ACH-000402,-46.37314,4.191374
ACH-000403,-3.8860934,-13.138877
ACH-000404,71.25755,5.495766
ACH-000405,-18.486172,-11.735694
ACH-000406,-41.16377,7.1850843
ACH-000407,-31.813124,2.0070298
ACH-000408,-13.813658,-16.242537
ACH-000410,1.653733,0.9830968
ACH-000411,71.98575,6.4565268
ACH-000414,71.14219,5.939116
ACH-000415,-29.508503,-22.704659
ACH-000416,-7.836147,15.537607
ACH-000417,-17.703253,-13.370042
ACH-000420,-27.58661,5.2207384
ACH-000421,-19.800564,0.5818505
ACH-000422,-1.5244886,7.0500493
ACH-000424,-29.039787,0.109480694
ACH-000425,80.61136,9.585686
ACH-000427,-21.624222,2.0360012
ACH-000430,-10.176421,-1.4761233
ACH-000431,-10.215281,-8.968123
ACH-000433,57.0126,3.1316257
ACH-000434,-5.876427,15.447985
ACH-000435,-9.938846,-7.2402325
ACH-000436,42.537334,8.768382
ACH-000437,-10.044657,10.978687
ACH-000438,-6.976033,9.190443
ACH-000441,61.67143,9.496468
ACH-000442,26.57155,0.16190201
ACH-000444,38.71516,-2.2239575
ACH-000445,14.830567,2.067412
ACH-000448,49.970417,5.497022
ACH-000450,58.95248,4.5516534
ACH-000452,4.649452,-6.547419
ACH-000454,-27.459295,-8.928888
ACH-000455,-35.99502,-6.068578
ACH-000456,-22.957142,6.8379436
ACH-000458,10.949136,-8.736879
ACH-000459,57.13911,4.1894803
ACH-000460,-42.0233,2.6435442
ACH-000461,-29.226984,-12.793686
ACH-000463,41.5021,-2.4317873
ACH-000464,-10.119757,6.6212254
ACH-000466,-18.94516,10.497522
ACH-000467,-17.14686,11.271213
ACH-000468,-16.830166,4.8333097
ACH-000469,36.098038,-4.0717406
ACH-000470,-19.650955,3.4460387
ACH-000471,-14.715305,-4.114045
ACH-000472,-28.642487,-18.415495
ACH-000473,-6.687861,-6.5782185
ACH-000475,-8.036978,3.1027951
ACH-000476,-27.101948,4.7185483
ACH-000477,72.417656,8.700522
ACH-000478,-6.1431775,4.1605883
ACH-000480,-8.941498,16.917198
ACH-000481,-37.619522,-14.388594
ACH-000483,-16.121264,10.447992
ACH-000484,19.792082,1.4895387
ACH-000485,62.647224,14.587165
ACH-000486,49.38368,5.9081745
ACH-000487,-33.878662,3.768291
ACH-000488,-19.782986,-21.658434
ACH-000489,-38.142506,-2.7878118
ACH-000490,-6.558684,-10.603781
ACH-000491,-34.08507,1.7259167
ACH-000493,-6.7107973,6.803725
ACH-000495,83.281425,15.0425005
ACH-000496,-7.9416027,-1.5152063
ACH-000498,-44.835842,3.8871715
ACH-000499,-29.837288,0.18385838
ACH-000500,-28.506634,-0.58645666
ACH-000501,-31.916826,-16.15367
ACH-000502,-6.2678075,7.6962614
ACH-000503,-19.097694,-9.637317
ACH-000504,-4.9832234,7.8325644
ACH-000505,-8.999457,-3.0958314
ACH-000507,-25.648685,-6.3645554
ACH-000510,-23.669115,-12.336965
ACH-000511,-15.194586,12.561291
ACH-000512,-29.55032,-4.4164166
ACH-000514,-39.26512,-3.3240836
ACH-000516,17.031967,7.0160923
ACH-000517,-17.514147,3.4477994
ACH-000518,-29.107546,-13.282606
ACH-000520,-13.0739975,12.136542
ACH-000521,18.16133,5.140648
ACH-000522,19.549622,6.1771183
ACH-000524,-37.72582,-12.567484
ACH-000525,-7.205587,-5.7844567
ACH-000527,51.11978,12.943062
ACH-000528,-28.92578,-9.031742
ACH-000532,-33.19815,-0.54653615
ACH-000533,73.5254,7.3777747
ACH-000535,-20.361881,-14.91423
ACH-000537,-6.0409813,5.245177
ACH-000541,18.970316,-4.7631435
ACH-000542,61.51909,2.0330243
ACH-000544,-26.081635,-3.5289702
ACH-000545,-21.715155,-23.380262
ACH-000546,-17.26848,-15.470502
ACH-000547,65.84265,8.935701
ACH-000548,6.7769055,-12.853104
ACH-000549,-18.762016,-20.755823
ACH-000550,-7.931515,15.826603
ACH-000551,-21.292711,9.461693
ACH-000552,-32.00265,5.698532
ACH-000554,-28.713074,-0.72047853
ACH-000556,21.072886,13.57185
ACH-000557,-22.646975,10.727202
ACH-000558,41.883057,-0.7435496
ACH-000559,-9.144897,-14.26622
ACH-000561,-10.26605,-9.977704
ACH-000562,-7.4401307,-11.5784855
ACH-000563,-16.320736,-3.5807118
ACH-000565,-25.359537,-11.398757
ACH-000567,-30.307512,17.19652
ACH-000570,-23.960749,-8.06244
ACH-000571,-7.503038,-3.7899537
ACH-000573,-18.760826,11.288848
ACH-000576,11.663337,1.5082947
ACH-000577,-2.101176,-2.1251507
ACH-000579,69.60935,3.8740065
ACH-000580,84.223015,12.102787
ACH-000581,-21.395657,-6.603605
ACH-000583,17.288996,-2.0919688
ACH-000584,-32.19079,-4.3906946
ACH-000585,-3.4976468,-4.4895735
ACH-000587,-7.180623,5.21246
ACH-000588,-15.683509,-13.989576
ACH-000589,-31.969372,10.936037
ACH-000591,-7.4141226,9.2578745
ACH-000592,-6.860371,12.946485
ACH-000593,-6.267718,4.4851613
ACH-000595,52.84628,1.3373387
ACH-000596,-23.58191,-13.453482
ACH-000597,60.984493,2.6293166
ACH-000599,-47.796688,1.4852791
ACH-000601,-47.348007,6.461061
ACH-000602,9.290238,6.00102
ACH-000604,-48.32743,3.453355
ACH-000605,-34.332336,15.040655
ACH-000606,-6.0622654,-7.436967
ACH-000607,72.08376,7.1352663
ACH-000608,-4.078145,-2.229839
ACH-000609,-5.739525,12.083185
ACH-000614,84.80327,13.8302355
ACH-000616,17.232483,-4.2822714
ACH-000618,-16.642797,-13.105458
ACH-000619,-24.130207,-16.67025
ACH-000620,55.518837,12.133876
ACH-000621,-18.412859,7.4169955
ACH-000622,-29.827394,-0.6520567
ACH-000623,7.738957,-1.5063559
ACH-000624,-40.60491,-12.016982
ACH-000627,9.889109,6.4198947
ACH-000630,-5.207558,11.83092
ACH-000632,20.266327,6.7551913
ACH-000633,-41.94723,9.217032
ACH-000634,-5.6908784,4.6342783
ACH-000637,-27.255442,-4.576812
ACH-000638,-29.68348,-13.988013
ACH-000639,-45.74875,6.5380974
ACH-000645,75.29837,5.699515
ACH-000646,56.24554,12.051605
ACH-000647,-1.7380112,-10.23158
ACH-000648,39.153717,-3.0896802
ACH-000649,39.587856,-2.9611177
ACH-000651,-45.134,3.6168456
ACH-000652,-16.624006,16.713968
ACH-000653,-24.974781,-1.7136744
ACH-000654,-20.168812,-7.136919
ACH-000655,-16.898232,10.050847
ACH-000656,-48.718887,4.8400655
ACH-000657,34.270126,-3.6210096
ACH-000660,-18.12129,17.931828
ACH-000661,70.386086,7.349934
ACH-000662,-43.803955,-6.4497423
ACH-000663,76.80893,8.062101
ACH-000664,11.393089,8.72515
ACH-000665,-6.051397,8.020159
ACH-000666,-19.027569,-13.251541
ACH-000667,-23.505444,-22.7913
ACH-000668,-22.962774,-14.218677
ACH-000671,-42.472103,-7.8290377
ACH-000673,-7.6643867,-6.7395244
ACH-000676,-14.088516,13.072476
ACH-000677,54.13254,0.5107592
ACH-000680,-38.010487,-7.569692
ACH-000681,65.07759,3.6513467
ACH-000682,-19.041008,-15.967496
ACH-000683,-19.028906,-11.834477
ACH-000684,83.113014,15.195817
ACH-000685,-43.7422,1.0763764
ACH-000688,-17.897284,8.23837
ACH-000693,-40.23086,-6.9898205
ACH-000694,-15.641214,-16.324245
ACH-000695,-3.1335042,-9.921496
ACH-000696,-25.24803,4.3960047
ACH-000697,-33.893883,13.218319
ACH-000698,-6.158212,-11.065435
ACH-000699,-23.63543,3.9104526
ACH-000700,-43.70061,6.2253118
ACH-000701,27.332483,7.521136
ACH-000702,-18.938452,-3.6155381
ACH-000704,54.20268,4.149773
ACH-000706,-20.730726,-7.922291
ACH-000709,50.296642,0.47212434
ACH-000711,-27.289318,2.1411142
ACH-000713,-4.3985662,-14.552663
ACH-000714,-45.42079,5.31044
ACH-000716,-20.398247,8.2701845
ACH-000717,-9.985781,-16.843811
ACH-000718,-17.94046,-11.25224
ACH-000719,46.817833,0.9030879
ACH-000720,-11.029974,-6.0816174
ACH-000721,-42.60015,-7.540676
ACH-000722,-6.7396183,3.340953
ACH-000724,-3.656618,-15.115203
ACH-000725,-31.34589,-13.6588125
ACH-000732,-26.52352,-3.6300273
ACH-000734,-7.43574,-3.6901531
ACH-000735,-18.174635,-9.82239
ACH-000736,-1.5346185,1.6811761
ACH-000738,14.316449,0.81346166
ACH-000739,50.111004,6.196075
ACH-000740,-34.11217,-13.246243
ACH-000741,-7.9176373,3.2495377
ACH-000746,-43.01181,-2.3447254
ACH-000747,-33.024975,1.8025811
ACH-000748,54.40608,19.042097
ACH-000753,-31.984226,-8.285014
ACH-000754,-48.443764,5.398296
ACH-000756,-36.779583,3.9566712
ACH-000757,40.40469,7.8611865
ACH-000758,8.007335,4.773073
ACH-000760,-6.6963005,7.7169394
ACH-000762,-10.909704,-9.620312
ACH-000763,40.94307,5.705847
ACH-000764,-20.22364,3.9832506
ACH-000765,-4.3629994,14.693216
ACH-000766,-7.9323583,-17.450644
ACH-000767,5.2588043,7.3332343
ACH-000768,-7.460432,-4.992062
ACH-000769,-43.180088,-0.79390734
ACH-000770,-26.252855,4.280833
ACH-000771,-17.617153,-22.148556
ACH-000773,46.42006,15.272098
ACH-000774,-8.754436,-9.530679
ACH-000775,-19.236965,0.7391391
ACH-000776,51.26076,7.33544
ACH-000777,-14.019604,-16.760805
ACH-000778,9.243659,-11.066659
ACH-000781,-9.417723,-2.2771199
ACH-000782,-19.955626,-15.446588
ACH-000783,-20.285872,-4.4502344
ACH-000784,-8.882014,-9.840308
ACH-000785,-11.29394,12.96809
ACH-000787,13.369773,-3.8161795
ACH-000788,-25.729645,4.354809
ACH-000790,22.679811,-4.385841
ACH-000791,7.382,-8.654239
ACH-000792,-24.667208,6.396325
ACH-000793,-25.765802,-1.2317218
ACH-000794,-23.641796,-23.015743
ACH-000796,-4.6671844,-15.028142
ACH-000799,39.345818,1.2420688
ACH-000800,-0.78549093,-14.22819
ACH-000801,75.96876,7.513746
ACH-000802,-15.265298,-21.611258
ACH-000804,45.261604,0.17800401
ACH-000805,73.789696,6.872852
ACH-000807,-24.602777,5.4603662
ACH-000809,-18.8794,-16.229723
ACH-000810,-2.3211823,6.722554
ACH-000811,-35.29383,2.844169
ACH-000814,82.14029,14.645498
ACH-000817,-22.93662,4.065712
ACH-000819,-19.762335,-8.005174
ACH-000820,0.89449936,0.7804658
ACH-000821,-22.779705,-11.032117
ACH-000822,19.072033,11.88758
ACH-000823,-20.949497,-9.676744
ACH-000824,-31.665642,-13.973855
ACH-000826,-14.096176,-10.036497
ACH-000827,58.152344,7.3736587
ACH-000829,43.413605,-0.8849673
ACH-000831,7.574067,1.9570317
ACH-000832,-31.26141,-15.095899
ACH-000833,-0.6447766,2.1097155
ACH-000834,17.143139,7.134184
ACH-000835,-6.0237384,3.497709
ACH-000836,-8.86448,-0.5914977
ACH-000837,-22.313124,-13.2131
ACH-000838,56.74959,12.068199
ACH-000839,-25.641762,-10.627827
ACH-000840,-2.888298,-11.798488
ACH-000841,-20.694464,-9.023748
ACH-000843,-41.616096,-3.1634812
ACH-000845,-37.35785,-12.935932
ACH-000846,-35.10466,-11.049273
ACH-000847,-46.60596,0.09625868
ACH-000848,-7.237784,-0.98764694
ACH-000849,-22.738497,-11.841469
ACH-000851,-32.922855,-10.745256
ACH-000853,-17.218037,-2.1300743
ACH-000855,-14.019975,-12.641101
ACH-000856,-5.135689,-1.4329886
ACH-000858,-23.917614,-22.878996
ACH-000859,-16.387117,-14.309458
ACH-000860,-31.091793,-3.1509032
ACH-000861,-9.516787,8.931758
ACH-000862,-13.321947,-17.3188
ACH-000863,72.896545,5.702531
ACH-000864,13.784795,-6.485394
ACH-000865,-40.989567,-11.398852
ACH-000866,-2.7794168,-1.8594588
ACH-000867,-35.96145,-16.748514
ACH-000869,-6.0597644,-6.228846
ACH-000872,-15.2971945,-7.8381414
ACH-000873,-38.71645,-12.585622
ACH-000876,-8.332054,-8.086562
ACH-000878,-29.98344,-1.8739833
ACH-000879,-41.422436,5.374468
ACH-000880,59.96352,15.875765
ACH-000881,50.199028,-0.10788527
ACH-000882,42.14349,-1.0782877
ACH-000884,-7.450815,15.739882
ACH-000885,63.043728,14.154573
ACH-000886,-36.207874,-7.893399
ACH-000887,-6.2071285,1.0557351
ACH-000888,-7.5385923,-6.421017
ACH-000889,-46.23999,5.0272117
ACH-000890,4.525523,-5.403576
ACH-000894,1.9719247,-1.9529065
ACH-000896,-17.010593,-6.514621
ACH-000898,45.370735,14.814584
ACH-000899,82.9211,11.014552
ACH-000900,7.27904,4.013477
ACH-000901,26.476606,-1.0860753
ACH-000903,14.372348,1.0074383
ACH-000905,-14.307781,-16.967012
ACH-000906,0.8019077,11.102472
ACH-000907,54.800213,0.47382233
ACH-000910,-31.932177,7.5339017
ACH-000911,-33.659065,-10.139005
ACH-000912,-12.144563,4.9589705
ACH-000913,-9.100197,-6.561956
ACH-000914,-44.448597,8.144491
ACH-000915,-5.1902385,14.495225
ACH-000916,6.1771526,-29.122305
ACH-000917,-8.09115,-3.7979732
ACH-000919,44.918877,8.552691
ACH-000921,-4.4141064,-0.57561255
ACH-000922,40.393906,13.113104
ACH-000924,-24.477665,1.9758979
ACH-000926,-23.812317,4.74044
ACH-000928,66.80243,15.41487
ACH-000929,-3.4319978,-9.777951
ACH-000932,41.682076,11.299539
ACH-000934,13.349142,2.0856977
ACH-000935,83.31133,11.095193
ACH-000936,-28.649357,-1.9734901
ACH-000937,-33.18436,-6.3061395
ACH-000938,-8.011106,-12.617781
ACH-000939,-41.217686,7.9072266
ACH-000941,-48.06338,3.0166044
ACH-000943,6.9772143,5.237045
ACH-000944,-9.000781,-14.868467
ACH-000945,31.073599,2.5757842
ACH-000946,37.76618,1.2381688
ACH-000947,41.283436,-0.7201147
ACH-000948,29.999754,15.513208
ACH-000950,27.891949,16.251179
ACH-000953,-35.4551,12.483102
ACH-000956,68.533714,12.310458
ACH-000957,25.771467,11.475331
ACH-000958,19.346754,12.859035
ACH-000959,28.487417,15.2481365
ACH-000960,38.33734,15.863551
ACH-000961,7.036121,-8.374966
ACH-000962,-48.42834,-1.1170738
ACH-000963,7.340482,1.364577
ACH-000965,-8.048994,-13.950239
ACH-000966,61.76217,15.1385145
ACH-000968,53.83629,1.4145106
ACH-000969,-31.985664,5.9300094
ACH-000970,20.233194,13.720308
ACH-000971,9.244733,6.2497344
ACH-000973,-28.320147,1.2070649
ACH-000974,56.73723,2.4887333
ACH-000975,-19.77779,9.818543
ACH-000976,10.772625,17.375336
ACH-000977,64.49865,15.561527
ACH-000978,12.826532,-7.8636727
ACH-000980,7.9158874,-5.2478147
ACH-000983,-28.19011,0.2151443
ACH-000984,22.448242,14.96847
ACH-000985,-32.419807,1.7307186
ACH-000986,-21.42971,-3.8114176
ACH-000988,-8.853408,-14.126715
ACH-000991,-14.376433,-10.488313
ACH-000993,49.0775,8.566954
ACH-000994,-7.2303243,-14.88146
ACH-000995,-42.71835,4.768664
ACH-000996,-29.669641,-2.2017965
ACH-000997,-32.26464,-2.6647646
ACH-001001,-21.050005,0.016887126
ACH-001016,12.654181,0.20401943
ACH-001020,63.18057,4.4091506
ACH-001028,32.458107,-3.363097
ACH-001029,-44.804348,5.4658036
ACH-001031,73.838806,10.450549
ACH-001033,69.16956,2.170126
ACH-001036,-48.84609,3.69976
ACH-001038,-33.87379,-6.1141114
ACH-001041,-46.55702,0.5050485
ACH-001048,-19.94201,2.3515947
ACH-001050,67.21503,4.5496945
ACH-001053,-48.594467,5.3559575
ACH-001054,35.182358,-4.2464247
ACH-001061,-28.029608,-3.0592742
ACH-001067,84.63522,13.0913315
ACH-001075,58.731743,3.6965387
ACH-001096,42.73933,19.450966
ACH-001098,-33.555405,-0.2136223
ACH-001099,68.457436,14.316824
ACH-001128,85.083305,13.343464
ACH-001129,-23.641851,5.5907845
ACH-001134,61.634167,17.48059
ACH-001145,-45.839634,5.8541126
ACH-001151,-26.631702,5.4483695
ACH-001163,-36.314373,2.5136628
ACH-001164,60.844776,4.5862455
ACH-001172,43.160683,1.1204857
ACH-001183,-7.8310823,-8.54385
ACH-001184,18.947697,-6.8716755
ACH-001188,-46.565536,-3.9472916
ACH-001190,12.456132,-1.8011757
ACH-001192,-47.70122,7.1993403
ACH-001193,-42.5097,-3.1701043
ACH-001194,21.835674,-0.13371314
ACH-001196,-21.811626,-1.9763222
ACH-001197,-39.810562,-12.315576
ACH-001211,77.05969,8.937928
ACH-001228,-12.867347,-10.618151
ACH-001229,27.459225,14.873648
ACH-001232,1.5985985,5.687142
ACH-001239,70.47037,5.6215997
ACH-001274,73.2894,7.079109
ACH-001275,36.594036,1.7454288
ACH-001277,-47.57843,-1.9344993
ACH-001278,73.50078,7.418673
ACH-001279,79.48491,10.631998
ACH-001280,57.987427,3.765327
ACH-001283,-33.1101,-4.5291905
ACH-001289,69.69998,3.0682545
ACH-001295,21.697298,6.29512
ACH-001300,28.407352,-5.4657636
ACH-001301,37.241234,-3.6957345
ACH-001302,30.578053,-5.230028
ACH-001303,18.439962,-4.051381
ACH-001306,-0.01244974,11.808313
ACH-001307,-22.20717,3.5431025
ACH-001310,19.84241,15.387606
ACH-001318,-26.063744,5.495062
ACH-001322,21.878418,15.587998
ACH-001328,-28.090832,-14.321992
ACH-001329,61.741478,12.292755
ACH-001332,-6.610234,-16.235191
ACH-001333,-49.24942,6.9787464
ACH-001334,27.963083,16.710102
ACH-001335,-14.782944,-8.587599
ACH-001336,-3.449148,-13.132541
ACH-001338,-31.605642,-20.251198
ACH-001340,-46.023262,0.62569636
ACH-001341,29.334358,16.895586
ACH-001344,77.73462,9.263093
ACH-001345,33.68417,16.87486
ACH-001346,-26.297382,-14.899854
ACH-001347,-18.2741,-22.008852
ACH-001353,-27.009512,0.39439481
ACH-001354,-48.63351,5.2608924
ACH-001356,-36.4503,9.420745
ACH-001360,-1.4978133,-8.802112
ACH-001366,40.28931,19.593231
ACH-001368,-47.009937,2.0253315
ACH-001370,10.306015,-6.650592
ACH-001374,34.793232,-4.39158
ACH-001375,-7.250126,-2.6295373
ACH-001377,74.545204,8.776283
ACH-001379,-31.479574,-15.948369
ACH-001380,-46.441998,-1.3593378
ACH-001382,-32.532295,1.1054157
ACH-001385,52.187332,7.614505
ACH-001386,-11.394952,-16.510752
ACH-001388,36.98741,19.459993
ACH-001389,-24.278727,-9.534213
ACH-001390,-47.864628,-3.0264437
ACH-001391,-25.39741,-0.04299745
ACH-001393,-28.629934,-14.536265
ACH-001394,-25.171425,-15.303298
ACH-001396,11.938511,-5.625095
ACH-001398,81.04385,9.3428
ACH-001399,-33.51804,-18.917465
ACH-001400,-35.06759,14.37819
ACH-001402,25.031544,17.20828
ACH-001403,-30.036833,-0.82627106
ACH-001407,-8.675836,-5.735442
ACH-001408,-14.632655,-18.01207
ACH-001409,3.6035266,-14.526797
ACH-001411,-36.336853,-16.04526
ACH-001412,-9.577346,-16.462057
ACH-001413,53.266525,12.123153
ACH-001414,74.357475,13.541332
ACH-001415,1.9793943,-1.3889658
ACH-001416,-27.895569,-12.416405
ACH-001418,-45.757122,-6.1812844
ACH-001419,36.730965,21.79753
ACH-001421,38.0146,0.44867235
ACH-001422,26.627733,13.169373
ACH-001430,43.749157,-0.41994217
ACH-001431,7.820548,-2.0784738
ACH-001433,-29.116272,-4.650045
ACH-001442,-4.6370935,-13.235893
ACH-001443,7.3421,-6.312773
ACH-001450,-31.616278,18.050104
ACH-001451,34.32525,17.692894
ACH-001453,31.35391,19.532808
ACH-001454,53.624317,20.975166
ACH-001458,10.4765415,2.9972758
ACH-001459,-37.946518,10.999537
ACH-001460,-18.680492,-7.810526
ACH-001461,52.452175,8.163202
ACH-001484,48.151375,5.0464845
ACH-001485,53.371048,8.182955
ACH-001494,-2.9343495,-4.820248
ACH-001495,-46.597878,-0.7465524
ACH-001496,-2.66578,-6.962755
ACH-001497,6.312203,6.5877237
ACH-001498,-10.23866,-10.011708
ACH-001500,-16.910309,-2.1358402
ACH-001509,-15.501544,-22.150747
ACH-001510,-40.615803,-4.54819
ACH-001511,-7.9760156,-7.378387
ACH-001513,-31.156649,-15.664587
ACH-001515,-12.381569,-18.12516
ACH-001517,-30.884563,17.517162
ACH-001518,5.4985375,-11.031259
ACH-001520,49.28187,16.643387
ACH-001521,-18.592813,-20.959837
ACH-001522,72.44435,14.318716
ACH-001523,-5.0514145,-7.28002
ACH-001524,-20.02463,-13.980629
ACH-001525,-9.87936,-18.381031
ACH-001526,19.55891,13.547751
ACH-001528,45.24945,1.4936942
ACH-001529,53.483513,19.037312
ACH-001530,69.060684,10.566134
ACH-001532,76.50609,10.780165
ACH-001533,-31.616266,17.305517
ACH-001536,59.16291,17.903273
ACH-001538,36.158257,21.474758
ACH-001539,-10.959566,-13.027496
ACH-001542,-28.67575,-19.257336
ACH-001543,-19.898726,-23.007206
ACH-001547,43.019638,3.0370018
ACH-001548,44.175827,21.548136
ACH-001549,-16.654125,-20.73199
ACH-001550,-2.490487,8.950227
ACH-001551,-16.106699,-11.210086
ACH-001552,0.8265193,-4.5322647
ACH-001554,49.262054,2.488581
ACH-001555,76.47649,7.759125
ACH-001556,-40.513447,-5.299312
ACH-001557,47.265255,-1.4547971
ACH-001558,76.938034,6.9072356
ACH-001559,-47.437843,-1.5954908
ACH-001560,82.99965,11.382413
ACH-001562,71.6028,4.7745037
ACH-001563,73.39632,12.064052
ACH-001566,69.24569,8.315707
ACH-001567,57.3843,5.137002
ACH-001568,-28.497715,19.754421
ACH-001570,55.167683,8.483956
ACH-001574,35.984318,16.253096
ACH-001577,7.608661,-5.71671
ACH-001603,35.667515,-5.3826985
ACH-001605,5.7998314,-4.4173765
ACH-001607,-21.764778,-0.3008013
ACH-001608,-21.5486,-1.2503498
ACH-001609,-31.47802,2.572555
ACH-001610,7.800501,3.7113752
ACH-001611,8.553098,6.013996
ACH-001616,40.296124,18.150255
ACH-001618,-42.776203,9.176515
ACH-001619,9.520162,5.712031
ACH-001622,56.28214,21.89067
ACH-001623,20.115503,-5.026399
ACH-001624,76.54398,10.815046
ACH-001625,-5.6087446,-13.894418
ACH-001626,-12.684102,-16.361073
ACH-001627,-10.373292,-15.661367
ACH-001628,-42.260815,5.0674376
ACH-001630,-36.42677,14.633312
ACH-001632,-33.23628,17.85627
ACH-001634,49.06693,19.995173
ACH-001641,-9.942803,-3.2717903
ACH-001645,61.354866,2.1657033
ACH-001647,-37.485264,-6.315461
ACH-001648,-14.044924,-17.658691
ACH-001649,4.2270265,-11.749985
ACH-001650,16.885002,5.898364
ACH-001651,21.83863,12.655443
ACH-001652,26.73268,15.483064
ACH-001653,-12.785226,-20.830736
ACH-001654,-12.522938,-11.628816
ACH-001655,-28.35027,18.792885
ACH-001656,-33.891808,1.4462286
ACH-001664,38.20592,17.637854
ACH-001668,82.83154,15.339589
ACH-001669,-10.086724,-15.122386
ACH-001670,-46.048008,1.5273919
ACH-001673,-7.1556783,-10.059152
ACH-001674,-47.881824,2.763689
ACH-001677,12.044511,-6.9043775
ACH-001685,41.573254,3.1123402
ACH-001687,53.954967,19.552954
ACH-001688,82.631676,15.398687
ACH-001690,-34.08586,-15.668529
ACH-001692,-7.0515766,-13.711729
ACH-001694,-12.805487,-20.886698
ACH-001696,-17.507158,-20.451954
ACH-001698,-40.124104,-12.63361
ACH-001699,-19.262087,-22.904802
ACH-001701,32.84187,20.181955
ACH-001702,76.60492,11.623526
ACH-001707,47.824715,10.490286
ACH-001709,-32.624237,15.996963
ACH-001711,9.088532,-8.997458
ACH-001715,-2.115606,12.008037
ACH-001719,-38.95183,-15.649347
ACH-001735,-23.089468,-23.201733
ACH-001736,-27.20724,-2.6859188
ACH-001737,49.786774,16.06389
ACH-001740,42.151398,-2.2119963
ACH-001745,9.338455,-11.144207
ACH-001750,-30.528248,-11.586726
ACH-001765,-27.762291,-13.885925
ACH-001786,30.381996,15.090305
ACH-001791,57.25083,21.819897
ACH-001793,56.456245,20.739595
ACH-001794,55.50615,21.768326
ACH-001795,56.51179,22.053957
ACH-001796,57.4337,20.970427
ACH-001799,56.721256,21.492458
ACH-001802,58.485878,20.498316
ACH-001804,52.20461,15.404919
ACH-001814,0.22221877,10.873707
ACH-001819,20.921894,13.029281
ACH-001820,-36.76482,-18.46495
ACH-001834,18.122467,6.396318
ACH-001835,-19.405268,0.25704983
ACH-001836,7.5336695,5.7248864
ACH-001838,27.754837,17.81408
ACH-001839,59.321346,9.5056715
ACH-001841,37.919044,20.985632
ACH-001842,-28.610413,-2.0248501
ACH-001843,83.06113,14.922884
ACH-001844,-17.113062,-15.251597
ACH-001848,77.22573,11.075388
ACH-001849,-3.2324286,-9.904448
ACH-001850,20.331528,15.013113
ACH-001852,-19.787739,-21.919674
ACH-001853,-6.644915,-1.2683098
ACH-001856,63.59436,16.175844
ACH-001857,-45.71321,5.1619678
ACH-001858,-6.2068505,13.283233
ACH-001861,-12.934904,-10.3136425
ACH-001862,1.5134115,5.66122
ACH-001863,-25.004923,-10.820057
ACH-001864,19.925716,13.190679
ACH-001959,-9.267868,-14.577086
ACH-001960,-9.4397335,-8.754514
ACH-001961,21.946867,16.167807
ACH-001970,73.604706,11.792774
ACH-001973,-27.226143,-9.15371
ACH-001977,59.69472,2.466447
ACH-001982,76.85011,10.855924
ACH-001991,45.17928,11.473941
ACH-001992,11.0901575,8.419625
ACH-001993,-24.772799,-15.9686985
ACH-001997,-12.213166,-14.974088
ACH-001999,-5.44381,-5.369192
ACH-002001,45.42447,-0.016285904
ACH-002002,56.005966,4.212385
ACH-002003,20.552517,1.2369088
ACH-002004,83.97726,12.180093
ACH-002005,32.339672,4.2392125
ACH-002014,67.913704,15.664476
ACH-002015,72.667656,5.738451
ACH-002016,79.33101,10.760294
ACH-002017,48.9635,6.238648
ACH-002018,36.276123,16.298635
ACH-002019,34.50171,8.562792
ACH-002021,53.618233,13.237149
ACH-002023,-23.909952,-2.694889
ACH-002024,-35.59879,6.817994
ACH-002025,-31.040081,-16.197512
ACH-002026,24.791986,13.274276
ACH-002027,55.23429,8.698162
ACH-002029,-35.502396,-18.918264
ACH-002039,-20.691916,-23.256577
ACH-002041,37.994045,-1.9779878
ACH-002042,37.543205,4.086729
ACH-002044,-44.862415,5.5053377
ACH-002045,-44.1186,-11.658973
ACH-002046,4.6222305,0.8721693
ACH-002048,49.279568,21.90666
ACH-002055,-43.507027,-16.879757
ACH-002059,41.474297,22.003912
ACH-002061,-27.058853,-9.0702
ACH-002062,46.43807,3.9016078
ACH-002066,-6.4263244,9.940372
ACH-002067,-3.2234597,-13.612974
ACH-002069,-7.1027017,-10.821406
ACH-002080,42.304165,22.479967
ACH-002084,56.033566,19.309572
ACH-002446,3.8690972,4.5648456
ACH-002458,58.660416,10.342653
ACH-002459,56.948803,10.455287
ACH-002460,49.898075,4.480633
ACH-002461,49.74001,5.790191
ACH-002462,78.43781,15.525437
ACH-002463,70.184166,14.974685
ACH-002464,83.84826,13.071283
ACH-002465,79.16454,10.701451
ACH-002467,81.98398,14.971021
ACH-002471,-33.658215,1.3320819
ACH-002508,-1.6558536,6.9167566
ACH-002510,76.77875,11.21308
ACH-002511,51.90662,21.209578
ACH-002647,60.854824,20.352438
ACH-002659,-27.579348,6.534581
ACH-002664,-34.773663,-12.65471
ACH-002669,-4.7536583,-2.423045
ACH-002672,-17.90633,5.826117
ACH-002680,16.898325,0.28382722
ACH-002687,79.364555,10.141697
ACH-002693,6.265809,-1.5515103
ACH-002710,8.991197,-3.3306317
ACH-002785,44.921223,-1.2259464
ACH-002800,21.759018,-0.48067388
ACH-002834,6.451053,-5.746339
ACH-002847,78.42238,10.204073
ACH-002926,79.94471,10.66368
