,0,1
ACH-000001,9.329445,-20.74609
ACH-000004,-46.971966,-6.547051
ACH-000005,-42.218216,-14.378737
ACH-000007,-24.03588,1.907193
ACH-000009,7.530632,6.8378744
ACH-000011,34.215008,18.144129
ACH-000012,-12.107064,-15.49233
ACH-000013,10.078071,-13.207635
ACH-000015,-15.3162,3.2510805
ACH-000017,5.4891925,7.3682575
ACH-000018,31.440163,17.792461
ACH-000019,-23.733282,-2.1713202
ACH-000021,10.420863,-6.67616
ACH-000022,-18.832447,8.906373
ACH-000023,11.341514,-2.1382558
ACH-000024,-52.804787,-6.8527446
ACH-000025,31.142832,19.729198
ACH-000028,-10.929191,-12.866626
ACH-000029,-7.140645,-5.230444
ACH-000030,18.34351,15.116883
ACH-000035,10.045751,-1.108972
ACH-000036,37.98537,16.746958
ACH-000037,13.795008,-12.88307
ACH-000039,-9.404188,-6.0123487
ACH-000040,31.344584,16.238314
ACH-000041,-24.452139,-0.88876885
ACH-000042,19.847206,11.584537
ACH-000045,-44.387104,0.11270066
ACH-000048,-7.751782,-11.133445
ACH-000052,-3.5781643,8.162716
ACH-000053,-43.19483,-5.0757556
ACH-000054,23.950111,-2.6588645
ACH-000055,-16.833588,-20.663437
ACH-000060,21.117062,15.921521
ACH-000067,21.882465,6.7760897
ACH-000070,-47.83991,-9.952763
ACH-000074,-36.92101,-3.4452424
ACH-000075,10.026545,9.347394
ACH-000076,-46.538113,-3.5474312
ACH-000077,-25.467358,-1.4772395
ACH-000078,-38.56049,-10.311493
ACH-000082,34.989323,16.34185
ACH-000085,-7.527492,9.298326
ACH-000086,14.085291,5.8439684
ACH-000087,-9.488049,8.204222
ACH-000092,38.769127,9.387269
ACH-000093,3.0977976,14.560368
ACH-000094,15.970305,0.4504435
ACH-000095,-19.607105,0.7134721
ACH-000096,-8.303569,-20.115894
ACH-000097,-10.549894,1.6148616
ACH-000098,39.06773,18.15403
ACH-000099,-40.5419,-4.1536875
ACH-000101,-38.073303,-8.656961
ACH-000103,19.132057,17.808601
ACH-000108,22.054028,9.496814
ACH-000111,-12.8793125,-18.121185
ACH-000113,-42.403416,-2.6523163
ACH-000114,15.07835,8.186843
ACH-000115,-22.155796,-1.9703757
ACH-000116,11.5228615,-8.840008
ACH-000118,3.0467176,5.213288
ACH-000120,-2.114385,-2.2130976
ACH-000123,1.643675,-19.88498
ACH-000124,-49.133358,-0.8205021
ACH-000127,25.406668,14.924634
ACH-000128,17.159782,-4.479621
ACH-000132,37.405125,14.515573
ACH-000133,29.843288,2.2126193
ACH-000137,10.659539,9.596981
ACH-000138,29.923464,22.000387
ACH-000139,19.81325,4.753527
ACH-000141,14.624887,21.73208
ACH-000142,16.448162,23.386395
ACH-000143,-17.34696,-7.2934713
ACH-000144,8.254884,20.856092
ACH-000145,7.104522,-12.542107
ACH-000146,-45.509594,-2.8068523
ACH-000147,-5.4585233,3.3021579
ACH-000148,20.472235,-10.919823
ACH-000149,18.143764,-13.601832
ACH-000150,14.109256,12.941532
ACH-000151,-37.4563,-8.682304
ACH-000152,30.095749,6.3986535
ACH-000153,-1.2310116,-16.166437
ACH-000155,21.738708,9.354391
ACH-000159,16.085602,-1.9482661
ACH-000160,5.9481897,13.94181
ACH-000161,12.068575,-0.009032355
ACH-000163,24.67286,-3.995505
ACH-000164,1.7822015,-18.105568
ACH-000167,-46.183533,-12.648346
ACH-000168,-38.997746,-12.334469
ACH-000169,10.249057,-9.558587
ACH-000172,-1.2496569,-20.630306
ACH-000174,37.05524,20.97309
ACH-000176,8.453672,-15.172838
ACH-000178,25.410238,14.919769
ACH-000181,6.8644304,4.6725726
ACH-000182,-2.9778247,1.2258828
ACH-000183,-47.528946,-7.6541734
ACH-000187,-34.221554,-8.75794
ACH-000188,-0.3062801,5.0282416
ACH-000189,0.30054316,-14.9941845
ACH-000190,17.534266,-11.939016
ACH-000191,17.911476,1.943302
ACH-000192,22.233107,-13.96562
ACH-000195,-41.310616,-7.069584
ACH-000198,-41.143593,-1.1967368
ACH-000200,30.031244,22.030788
ACH-000202,-4.407607,0.37555826
ACH-000204,-49.4964,-12.46309
ACH-000206,-36.10516,-13.182347
ACH-000207,11.903799,-8.92934
ACH-000209,32.76427,8.333674
ACH-000211,27.737476,4.425101
ACH-000212,35.54806,15.862769
ACH-000213,-16.318441,9.508308
ACH-000215,21.17417,4.120771
ACH-000217,6.3346167,-13.764068
ACH-000219,27.932291,23.396225
ACH-000221,-10.032889,-14.387799
ACH-000222,16.814608,1.9938561
ACH-000223,0.43170947,1.567603
ACH-000226,-25.688444,-3.0322278
ACH-000227,-39.90551,-5.7052712
ACH-000228,7.457307,-6.293245
ACH-000231,20.222801,-8.852005
ACH-000232,27.141901,6.3078284
ACH-000233,-19.277403,-2.1396363
ACH-000234,22.371508,-13.335224
ACH-000235,20.578781,16.10257
ACH-000237,24.164446,0.594145
ACH-000238,18.146866,0.18490583
ACH-000243,-6.0161824,-10.18514
ACH-000244,41.272396,13.210633
ACH-000246,27.272976,9.944095
ACH-000247,-4.0368304,11.622606
ACH-000248,-2.28464,9.010395
ACH-000249,6.549514,17.406103
ACH-000250,15.195296,-0.2238353
ACH-000251,21.716684,-0.24558643
ACH-000252,-9.885903,9.557159
ACH-000253,-16.07409,-4.78078
ACH-000255,11.7467165,-12.266472
ACH-000256,9.97233,2.209057
ACH-000257,-39.43528,-9.211124
ACH-000258,-42.837353,-11.660284
ACH-000259,-40.799065,-3.1505914
ACH-000260,8.32878,15.32839
ACH-000261,17.475872,-8.356206
ACH-000262,35.776608,19.960508
ACH-000263,-41.979546,-4.738887
ACH-000264,18.97206,7.6736403
ACH-000265,-3.2912698,-12.588596
ACH-000266,40.563393,19.447588
ACH-000269,8.832305,-17.699722
ACH-000271,-45.208233,-3.5785074
ACH-000272,18.883009,9.442748
ACH-000273,35.1743,8.144713
ACH-000274,36.412815,12.238792
ACH-000276,16.413898,-16.400225
ACH-000277,-22.36716,-2.590669
ACH-000278,20.015415,3.5271564
ACH-000279,-3.7069917,3.997904
ACH-000280,8.476119,-0.90455556
ACH-000281,13.140339,13.038825
ACH-000282,24.313583,14.1241865
ACH-000286,15.919156,13.850922
ACH-000288,27.843061,16.927301
ACH-000290,-38.59759,-2.6137004
ACH-000291,-1.0287993,-3.864622
ACH-000292,8.687071,-1.4136398
ACH-000293,13.782457,-17.191591
ACH-000294,-46.12138,-0.39871293
ACH-000295,-36.937737,-8.884147
ACH-000296,-3.8161306,9.075747
ACH-000302,28.264639,3.2241716
ACH-000303,-11.034104,-21.672474
ACH-000304,24.905434,-4.1892314
ACH-000305,-5.313889,2.3526244
ACH-000307,10.589303,12.027255
ACH-000308,24.667164,-8.397333
ACH-000310,-36.552994,-5.7814894
ACH-000311,-19.82174,7.0205574
ACH-000312,-38.40312,-5.9119053
ACH-000313,37.695583,7.504606
ACH-000315,-45.24954,-13.063337
ACH-000316,35.580765,10.644578
ACH-000317,6.323071,-1.7380924
ACH-000318,5.7596164,-5.253279
ACH-000319,22.4222,-3.3921318
ACH-000320,1.23489,3.7465591
ACH-000322,-1.6952474,-23.40305
ACH-000323,5.552138,-9.864288
ACH-000324,17.832445,-0.6933484
ACH-000325,-24.839962,2.314666
ACH-000326,-35.628418,-12.914742
ACH-000329,10.176692,-15.678827
ACH-000330,-16.130924,-14.361658
ACH-000331,30.57883,10.67749
ACH-000332,2.636258,4.3070197
ACH-000334,-47.027412,-3.0754147
ACH-000335,9.618775,-20.360918
ACH-000336,-51.44842,-7.0172443
ACH-000337,-10.160461,4.147484
ACH-000339,19.696474,1.5232449
ACH-000341,-40.549946,-5.3439145
ACH-000343,8.590407,-4.9238153
ACH-000344,21.923422,24.145056
ACH-000346,-40.787636,-9.048874
ACH-000348,30.623325,8.162088
ACH-000350,3.233976,12.227757
ACH-000352,-7.22466,-13.662127
ACH-000354,-0.6321686,10.973666
ACH-000355,-41.135822,-1.7693557
ACH-000356,-24.30578,-12.711156
ACH-000359,39.346737,17.223349
ACH-000361,29.606781,-2.7944086
ACH-000362,-42.850964,-2.6420286
ACH-000363,-52.442387,-7.6247754
ACH-000364,37.599895,15.455367
ACH-000365,-45.352806,-7.5154724
ACH-000366,-24.811592,-6.7081857
ACH-000367,9.929022,-6.054049
ACH-000368,38.54454,15.887492
ACH-000370,18.5546,-9.655406
ACH-000371,-44.127407,-8.527795
ACH-000374,10.373315,-17.297693
ACH-000375,-7.6988606,-4.516499
ACH-000376,2.9655046,-10.993303
ACH-000377,4.7509255,3.6716547
ACH-000378,18.74494,-6.1122937
ACH-000381,-18.263617,-2.0027208
ACH-000383,11.6098,16.527311
ACH-000385,5.52221,-10.122293
ACH-000387,-43.32284,-5.556609
ACH-000389,20.350481,11.205924
ACH-000390,-7.3181505,2.3967128
ACH-000391,-2.815065,-18.141624
ACH-000393,19.655495,-5.7047296
ACH-000395,-8.894016,7.73647
ACH-000397,4.0274663,11.248532
ACH-000398,-52.069427,-5.6448374
ACH-000401,27.247408,16.169563
ACH-000402,-42.366615,-14.414427
ACH-000403,4.550745,11.049079
ACH-000404,-3.9138217,3.5178308
ACH-000405,-50.645405,-3.636309
ACH-000406,-44.72055,-3.92393
ACH-000407,37.458847,16.396946
ACH-000408,1.9974796,-1.1821138
ACH-000410,13.991976,-12.716544
ACH-000411,10.83938,4.7033596
ACH-000414,-5.8033543,6.7562737
ACH-000415,-15.402677,-11.060757
ACH-000416,27.624395,0.68942875
ACH-000417,22.305132,17.18188
ACH-000420,35.597256,12.688897
ACH-000421,-12.49856,0.74792165
ACH-000422,30.49767,4.2000437
ACH-000424,-19.592115,0.93797344
ACH-000425,24.507164,10.6201935
ACH-000427,-16.574656,7.4121895
ACH-000430,9.1312275,6.1329937
ACH-000431,-35.018715,-8.713811
ACH-000433,28.906813,11.250797
ACH-000434,4.5937457,-9.37345
ACH-000435,1.6853487,-5.296158
ACH-000436,-52.393467,-11.123159
ACH-000437,30.922832,5.217445
ACH-000438,-2.9581642,1.3592064
ACH-000441,18.30024,-2.628113
ACH-000442,6.5271707,-15.206341
ACH-000444,22.17514,-3.6359334
ACH-000445,16.458805,23.348373
ACH-000448,0.36571065,4.951253
ACH-000450,-13.628508,8.454263
ACH-000452,20.778772,-9.06759
ACH-000454,3.2647073,8.336137
ACH-000455,4.5171294,-6.6410413
ACH-000456,14.478119,-5.9586186
ACH-000458,10.131917,5.940962
ACH-000459,32.888706,20.767782
ACH-000460,24.75508,18.376328
ACH-000461,-6.3658338,-12.535424
ACH-000463,5.363535,-2.11249
ACH-000464,23.4558,15.0071745
ACH-000466,8.0758295,-11.709779
ACH-000467,-21.342657,-6.3005314
ACH-000468,33.795815,14.571505
ACH-000469,39.697666,12.831782
ACH-000470,-12.863659,3.9883893
ACH-000471,36.194878,14.36708
ACH-000472,-2.597746,5.712312
ACH-000473,-17.17379,6.691235
ACH-000475,2.9883957,2.1044862
ACH-000476,24.707466,10.852227
ACH-000477,25.696077,-4.4462614
ACH-000478,35.696487,8.971372
ACH-000480,16.033873,-7.406648
ACH-000481,-11.49818,-1.280106
ACH-000483,27.969055,2.445389
ACH-000484,0.7629533,-9.476074
ACH-000485,-25.30801,2.0691893
ACH-000486,16.786282,3.7122636
ACH-000487,-43.37633,-3.4224622
ACH-000488,-5.5741286,0.8229756
ACH-000489,-12.545849,1.8427998
ACH-000490,1.343553,7.4659843
ACH-000491,-21.366703,-4.650068
ACH-000493,21.671093,3.9344351
ACH-000495,16.479975,-3.476978
ACH-000496,36.09824,10.196485
ACH-000498,-42.734806,-0.7806621
ACH-000499,-0.3690392,12.302426
ACH-000500,5.1579437,-21.377182
ACH-000501,13.17676,9.098486
ACH-000502,18.130138,8.037271
ACH-000503,8.311099,-7.427464
ACH-000504,38.988308,12.4496355
ACH-000505,24.111788,13.772965
ACH-000507,-4.909461,9.815509
ACH-000510,1.7026205,-11.066989
ACH-000511,30.259142,18.68815
ACH-000512,-50.7475,-5.573365
ACH-000514,-41.439373,-10.340972
ACH-000516,36.286507,16.43097
ACH-000517,25.632242,17.725687
ACH-000518,-2.985322,-6.9787
ACH-000520,15.823784,-12.752325
ACH-000521,42.54331,14.723446
ACH-000522,39.405567,16.251093
ACH-000524,15.692127,6.5116315
ACH-000525,-45.222,-0.8631371
ACH-000527,12.065437,6.2214336
ACH-000528,2.3779225,-11.808998
ACH-000532,9.751738,18.570265
ACH-000533,7.654658,-9.10256
ACH-000535,17.997314,15.455272
ACH-000537,34.315193,4.2323084
ACH-000541,-52.69221,-10.979563
ACH-000542,20.326561,-6.913109
ACH-000544,7.0590143,13.827044
ACH-000545,10.435315,14.344712
ACH-000546,10.369133,-2.3616598
ACH-000547,14.089863,-9.6340275
ACH-000548,16.947718,12.032254
ACH-000549,2.5560415,-0.11513194
ACH-000550,43.223186,16.536903
ACH-000551,-49.06466,-4.897967
ACH-000552,-23.6952,0.3062425
ACH-000554,-20.605997,8.038165
ACH-000556,1.4465059,-3.3374243
ACH-000557,-44.14819,-5.79771
ACH-000558,21.44883,-1.9549297
ACH-000559,-47.40582,-5.520123
ACH-000561,-18.049883,0.8650053
ACH-000562,-1.7321628,-6.011735
ACH-000563,12.754998,1.8818283
ACH-000565,-20.114481,4.4859085
ACH-000567,-51.720123,-5.9462905
ACH-000570,33.747856,15.020461
ACH-000571,23.213634,8.761452
ACH-000573,-1.7666075,6.1770444
ACH-000576,-52.10122,-11.307585
ACH-000577,29.861822,12.844608
ACH-000579,-0.7979067,-8.628549
ACH-000580,18.585602,-1.5260851
ACH-000581,-23.705145,3.4546838
ACH-000583,-53.90781,-3.5333714
ACH-000584,14.0415325,-14.974593
ACH-000585,9.675582,11.209097
ACH-000587,19.708574,3.4899127
ACH-000588,-44.61767,-10.51776
ACH-000589,-0.11128848,8.803924
ACH-000591,38.938984,19.069231
ACH-000592,31.06739,3.3009012
ACH-000593,28.801146,14.6393385
ACH-000595,21.353384,-1.2390234
ACH-000596,-0.7272649,0.96094805
ACH-000597,9.653337,-11.080396
ACH-000599,-4.5659785,-4.014441
ACH-000601,-2.741102,-4.111575
ACH-000602,-47.399467,-9.060802
ACH-000604,-35.049377,-9.89592
ACH-000605,-12.991868,-12.370828
ACH-000606,3.091326,1.7964685
ACH-000607,-7.983588,-0.79915345
ACH-000608,13.836611,8.289715
ACH-000609,16.721535,-12.519147
ACH-000614,16.099977,9.221395
ACH-000616,25.931967,6.654355
ACH-000618,6.9158106,-18.120129
ACH-000619,9.989284,11.921214
ACH-000620,10.852161,4.6450496
ACH-000621,34.404438,7.339855
ACH-000622,27.943985,-7.152656
ACH-000623,17.072176,-15.55806
ACH-000624,-4.0228863,5.0814443
ACH-000627,20.564165,14.557817
ACH-000630,41.05041,15.119639
ACH-000632,37.466457,12.814157
ACH-000633,-11.851451,2.034363
ACH-000634,2.112689,-8.569975
ACH-000637,-3.377061,-1.1255293
ACH-000638,-8.788131,-16.37061
ACH-000639,-38.61508,-4.7398753
ACH-000645,29.982557,11.218443
ACH-000646,0.5543708,9.149289
ACH-000647,11.714428,-11.565749
ACH-000648,25.357635,9.086123
ACH-000649,26.129305,9.258342
ACH-000651,-22.87416,-5.3664837
ACH-000652,20.646446,6.9021745
ACH-000653,-51.398476,-4.5897098
ACH-000654,-44.08974,-9.452423
ACH-000655,-4.391605,-17.573595
ACH-000656,-50.87581,-7.4099226
ACH-000657,2.6474905,9.974187
ACH-000660,-47.571842,-11.753166
ACH-000661,0.8899269,-20.776966
ACH-000662,-6.9481487,11.377277
ACH-000663,26.975452,9.741723
ACH-000664,-24.194307,-0.01358268
ACH-000665,14.018112,2.6341002
ACH-000666,27.097347,13.808102
ACH-000667,14.636764,18.880201
ACH-000668,-10.535573,-5.670439
ACH-000671,9.960518,15.158977
ACH-000673,18.695478,0.6115435
ACH-000676,-5.8563113,-8.240292
ACH-000677,20.503695,-8.113062
ACH-000680,-17.016243,2.6660302
ACH-000681,13.71103,4.502285
ACH-000682,-5.010544,-15.985259
ACH-000683,-19.635939,-4.3558364
ACH-000684,34.305885,21.618196
ACH-000685,-7.0121307,5.536267
ACH-000688,41.044655,17.439224
ACH-000693,-2.853053,-9.09503
ACH-000694,-4.7791853,4.8923054
ACH-000695,-42.352734,-7.527595
ACH-000696,9.861833,-14.9938545
ACH-000697,-41.681446,-11.268865
ACH-000698,-37.767292,-1.4942026
ACH-000699,16.433245,-3.6208963
ACH-000700,-7.0947666,-3.624386
ACH-000701,2.1418946,10.326515
ACH-000702,-42.33107,-5.940182
ACH-000704,12.131926,6.4842677
ACH-000706,21.092173,1.9566518
ACH-000709,36.517593,18.621101
ACH-000711,5.857997,-2.392552
ACH-000713,5.808661,-8.591071
ACH-000714,-49.89495,-12.204114
ACH-000716,-0.52054244,-8.716116
ACH-000717,11.394613,-1.5665711
ACH-000718,12.961751,-0.9049231
ACH-000719,9.755374,7.7182536
ACH-000720,29.426964,8.5527725
ACH-000721,-4.9665008,-7.058067
ACH-000722,-23.410797,5.2611856
ACH-000724,15.992466,14.172741
ACH-000725,-16.532166,-12.236285
ACH-000732,2.7359817,-13.40797
ACH-000734,-11.023216,-0.88211477
ACH-000735,29.66324,16.397118
ACH-000736,-15.114941,2.1891432
ACH-000738,17.676676,-9.364998
ACH-000739,0.8999115,-12.7131815
ACH-000740,-8.600473,-0.51567066
ACH-000741,10.817749,-0.4606587
ACH-000746,-18.795134,8.951349
ACH-000747,-2.7478385,-13.566132
ACH-000748,20.235586,-9.799092
ACH-000753,14.326889,-11.167688
ACH-000754,-42.39556,-1.6722115
ACH-000756,25.403763,13.176625
ACH-000757,11.838139,-14.355598
ACH-000758,-8.083739,-17.336851
ACH-000760,6.2154603,-13.671701
ACH-000762,21.639904,13.76992
ACH-000763,-42.152576,-10.212541
ACH-000764,18.037403,10.31134
ACH-000765,14.520647,-0.13020572
ACH-000766,20.618874,11.419131
ACH-000767,-35.434715,-8.944628
ACH-000768,19.857893,-6.0328174
ACH-000769,-17.5939,-4.9939795
ACH-000770,-45.031494,-6.423189
ACH-000771,22.546814,15.520573
ACH-000773,-50.375137,-8.3264
ACH-000774,2.7345872,-3.244561
ACH-000775,-21.91747,-11.9741955
ACH-000776,-2.6690543,-4.6116366
ACH-000777,15.968271,21.863743
ACH-000778,6.8769774,-11.6164875
ACH-000781,14.595334,4.1945086
ACH-000782,-52.654312,-5.553002
ACH-000783,-22.192192,-7.2710004
ACH-000784,-6.8550205,7.1943426
ACH-000785,-2.1521747,9.754867
ACH-000787,28.061722,5.1393347
ACH-000788,33.631824,12.932237
ACH-000790,-39.22055,-8.795665
ACH-000791,-0.61996526,-1.5564406
ACH-000792,32.899055,6.3539543
ACH-000793,-12.622939,5.3702626
ACH-000794,-2.5069525,3.5112717
ACH-000796,-1.7633469,-5.837441
ACH-000799,-7.372336,-22.36843
ACH-000800,-24.2736,-13.118457
ACH-000801,-11.986265,13.1704445
ACH-000802,10.350193,7.727286
ACH-000804,-35.81747,-4.341288
ACH-000805,-9.453176,-22.23204
ACH-000807,8.026316,-16.632788
ACH-000809,12.430399,-10.338509
ACH-000810,23.766027,12.123586
ACH-000811,27.78243,6.599274
ACH-000814,28.694542,-6.36399
ACH-000817,-48.459373,-6.951448
ACH-000819,16.663752,-12.673597
ACH-000820,-12.86532,4.2177224
ACH-000821,-46.805386,-6.9605794
ACH-000822,0.80135024,-21.24851
ACH-000823,-9.178072,-12.909649
ACH-000824,15.176983,-7.065925
ACH-000826,18.66913,18.48984
ACH-000827,13.963617,-15.332404
ACH-000829,-43.259586,-8.822871
ACH-000831,4.213547,-17.912535
ACH-000832,-3.9619455,-14.479714
ACH-000833,-3.9621694,-5.6489334
ACH-000834,7.860917,8.587655
ACH-000835,29.392614,14.734408
ACH-000836,15.290946,12.075976
ACH-000837,-5.173578,-10.693978
ACH-000838,-43.029297,-7.2969847
ACH-000839,32.678097,12.529251
ACH-000840,31.000628,14.08736
ACH-000841,-0.42119917,-0.6175426
ACH-000843,-7.0810833,3.065629
ACH-000845,0.8355358,-17.7291
ACH-000846,-1.9833962,2.5107327
ACH-000847,-10.537048,5.2409763
ACH-000848,3.003401,-6.2359376
ACH-000849,8.356031,-11.144625
ACH-000851,-10.725393,7.997336
ACH-000853,11.258438,-14.694165
ACH-000855,8.887003,-3.2522237
ACH-000856,26.044697,-2.151771
ACH-000858,-3.9322698,6.0739384
ACH-000859,4.5070662,-18.355568
ACH-000860,-2.6584125,6.21793
ACH-000861,15.023617,4.712141
ACH-000862,-15.923859,5.8012285
ACH-000863,28.191643,-6.925027
ACH-000864,-38.527966,-3.896353
ACH-000865,-5.5963535,-11.281257
ACH-000866,-3.0665247,-11.151608
ACH-000867,-5.5356536,5.91053
ACH-000869,5.498957,10.212846
ACH-000872,34.36855,3.694132
ACH-000873,-3.6948464,-7.751023
ACH-000876,5.9605236,-6.3552566
ACH-000878,-12.328763,-7.6549454
ACH-000879,-16.738241,-8.0587
ACH-000880,14.315036,-8.51743
ACH-000881,-7.5846643,-22.243288
ACH-000882,-7.313209,-7.6851397
ACH-000884,-0.45693085,-7.1970053
ACH-000885,32.766144,6.9630837
ACH-000886,-3.3093874,-6.595709
ACH-000887,10.560882,-0.24450332
ACH-000888,-2.3954287,-9.6511
ACH-000889,-46.808174,-8.991147
ACH-000890,24.82341,0.13734612
ACH-000894,-16.39111,10.005461
ACH-000896,5.9064,1.8325583
ACH-000898,-23.312613,3.2513301
ACH-000899,-1.0134445,-11.383263
ACH-000900,-3.93485,-16.359913
ACH-000901,20.033009,0.7568983
ACH-000903,29.739607,8.494545
ACH-000905,17.054977,11.158428
ACH-000906,15.221664,-14.043833
ACH-000907,42.473907,12.1058235
ACH-000910,-16.295265,-15.005469
ACH-000911,-6.6039815,-17.56747
ACH-000912,0.11617671,-6.497926
ACH-000913,22.611612,-3.1640053
ACH-000914,-46.562195,-4.5585394
ACH-000915,21.234848,19.600574
ACH-000916,-15.284721,7.039926
ACH-000917,2.6741443,-15.361771
ACH-000919,-14.201796,-2.5626154
ACH-000921,3.1047583,-9.417061
ACH-000922,-51.059135,-1.0983711
ACH-000924,10.251415,2.0350459
ACH-000926,-22.295938,0.52162236
ACH-000928,-16.307905,-12.544338
ACH-000929,-6.0220766,-8.31841
ACH-000932,-11.593378,-2.6817694
ACH-000934,-1.9347397,7.784175
ACH-000935,37.28693,9.8695755
ACH-000936,-8.581798,0.2968107
ACH-000937,-45.84643,-10.413918
ACH-000938,-50.000595,-8.758944
ACH-000939,17.306662,15.994467
ACH-000941,6.8027554,-3.4598057
ACH-000943,-8.302249,4.3994117
ACH-000944,-44.215973,-1.918709
ACH-000945,-1.2781806,-0.16217463
ACH-000946,6.881936,-16.323656
ACH-000947,-13.105492,-20.270704
ACH-000948,-13.595496,-2.1565065
ACH-000950,-15.937015,2.31785
ACH-000953,-46.534176,-11.366222
ACH-000956,-20.233404,-6.518892
ACH-000957,-15.419449,2.497239
ACH-000958,-12.791227,-4.651997
ACH-000959,-22.356564,2.8603325
ACH-000960,-47.932194,-1.1214519
ACH-000961,-12.102875,-8.909163
ACH-000962,1.4348098,1.1561247
ACH-000963,-24.965034,-7.9083247
ACH-000965,17.800995,13.078753
ACH-000966,22.106836,0.43591294
ACH-000968,4.3742304,0.31637543
ACH-000969,-20.54969,-6.1363506
ACH-000970,1.8117509,-18.95313
ACH-000971,-1.2010916,4.3311934
ACH-000973,17.02055,6.4767833
ACH-000974,-4.225733,-9.233853
ACH-000975,11.95518,10.6211
ACH-000976,0.09965384,-0.783867
ACH-000977,-23.340187,-4.82484
ACH-000978,-11.253933,-21.3176
ACH-000980,-42.012894,-4.221293
ACH-000983,-36.175087,-13.307823
ACH-000984,-12.071682,-11.003192
ACH-000985,-19.976234,3.3109765
ACH-000986,-19.999588,2.5646179
ACH-000988,22.098505,-10.840025
ACH-000991,-19.6957,6.482978
ACH-000993,5.9264345,-11.551993
ACH-000994,5.1376023,-12.450066
ACH-000995,-44.4704,-11.251388
ACH-000996,2.9868033,-17.217682
ACH-000997,-9.630596,-14.303567
ACH-001001,17.847404,-8.933748
ACH-001016,3.3770258,-9.318798
ACH-001020,-6.343545,-17.9387
ACH-001028,-16.324892,-1.7941526
ACH-001029,-3.1275053,7.1720486
ACH-001031,15.713193,-8.492284
ACH-001033,-14.28328,-13.88547
ACH-001036,-40.44744,-11.435749
ACH-001038,-36.10495,-1.7184234
ACH-001041,28.226871,19.473867
ACH-001048,40.861073,12.265986
ACH-001050,40.432156,13.351035
ACH-001053,-8.398022,11.84202
ACH-001054,-21.286661,-3.328079
ACH-001061,-13.226487,-0.6636879
ACH-001067,13.122816,1.6579956
ACH-001075,-11.8221445,-10.897412
ACH-001096,-8.13585,-7.7569013
ACH-001098,-7.42472,-8.805044
ACH-001099,7.3449903,9.50594
ACH-001128,-7.080505,16.682404
ACH-001129,-42.647648,-10.337353
ACH-001134,-45.84551,-2.228254
ACH-001145,8.027923,-12.334598
ACH-001151,27.610182,13.3554535
ACH-001163,13.64377,-4.3665404
ACH-001164,3.7588441,-7.9578495
ACH-001172,-1.8529115,2.688566
ACH-001183,-8.148127,-11.138583
ACH-001184,-17.632032,-19.714806
ACH-001188,-40.55201,-7.1936793
ACH-001190,24.814793,2.6530635
ACH-001192,-18.683998,5.4817476
ACH-001193,-23.977167,-11.892212
ACH-001194,20.472841,8.684063
ACH-001196,-1.8300364,-23.510113
ACH-001197,-45.539368,-9.328621
ACH-001211,-13.0460825,-20.206001
ACH-001228,-20.563688,-2.0013983
ACH-001229,-12.90452,-0.5047055
ACH-001232,34.113117,7.839146
ACH-001239,-2.2979877,-7.7205057
ACH-001274,32.880653,20.606323
ACH-001275,-7.1768646,-5.3768535
ACH-001277,-11.926588,-18.737865
ACH-001278,-4.816817,-5.366384
ACH-001279,14.638715,22.593805
ACH-001280,3.6444683,-3.6035497
ACH-001283,-18.643057,-3.9538004
ACH-001289,5.4339957,-21.747671
ACH-001295,-39.317364,-1.3061244
ACH-001300,-43.05948,-8.22414
ACH-001301,-39.677555,-4.8498816
ACH-001302,-44.737488,-5.1644073
ACH-001303,-35.862617,-7.5037165
ACH-001306,38.838436,17.09088
ACH-001307,35.470764,22.255812
ACH-001310,34.53708,11.150259
ACH-001318,-5.012883,-19.961845
ACH-001322,-5.0072165,-13.370309
ACH-001328,9.831913,17.213282
ACH-001329,29.562876,5.5355253
ACH-001332,-12.432541,-7.6977863
ACH-001333,-10.356692,-15.335529
ACH-001334,6.6822996,7.8189664
ACH-001335,14.357583,9.766373
ACH-001336,-7.903272,-16.497757
ACH-001338,-37.494083,-5.8298483
ACH-001340,13.913783,-6.3459787
ACH-001341,-4.64837,-9.536184
ACH-001344,27.992718,19.738451
ACH-001345,-21.82353,-1.4247165
ACH-001346,3.0923774,-12.873709
ACH-001347,4.7226753,-4.5562787
ACH-001353,12.500745,17.016977
ACH-001354,-39.07858,-7.430121
ACH-001356,7.2203593,-13.832647
ACH-001360,-14.470684,-9.414198
ACH-001366,-41.510544,-2.8491116
ACH-001368,-15.042898,-1.0114021
ACH-001370,28.291586,18.167107
ACH-001374,10.966662,-6.8645096
ACH-001375,8.471438,18.682938
ACH-001377,-6.0100965,-14.552326
ACH-001379,19.188438,9.484202
ACH-001380,23.760868,13.770759
ACH-001382,39.81397,19.825195
ACH-001385,4.493404,-4.763397
ACH-001386,-42.3557,-8.943338
ACH-001388,-28.396414,-0.45461434
ACH-001389,26.841476,3.6106863
ACH-001390,-4.05619,14.639574
ACH-001391,-6.8504796,7.825138
ACH-001393,-18.057314,-10.444665
ACH-001394,9.233871,13.31156
ACH-001396,-9.411919,3.367408
ACH-001398,11.938871,20.420013
ACH-001399,18.879309,17.757769
ACH-001400,7.197991,15.292595
ACH-001402,12.692512,-10.800356
ACH-001403,27.804626,0.6100642
ACH-001407,13.749033,17.699642
ACH-001408,12.523431,-4.7379107
ACH-001409,-12.680621,-14.045442
ACH-001411,-4.772319,8.297977
ACH-001412,11.013614,16.03194
ACH-001413,18.993088,1.3341308
ACH-001414,10.398891,18.397177
ACH-001415,2.0947838,-2.9896865
ACH-001416,-16.610783,-8.360057
ACH-001418,9.144466,-15.846103
ACH-001419,-20.549747,-3.970194
ACH-001421,-45.213192,-7.956755
ACH-001422,-6.7984023,-16.357527
ACH-001430,-11.218741,-19.6056
ACH-001431,-42.08428,-8.183204
ACH-001433,36.423855,19.866484
ACH-001442,-12.370393,-18.005688
ACH-001443,-4.0034037,-16.984299
ACH-001450,-49.670444,-9.818053
ACH-001451,14.850797,1.468566
ACH-001453,7.875403,11.433548
ACH-001454,3.5970073,-1.7723604
ACH-001458,-25.976137,4.066652
ACH-001459,-26.823458,5.1171794
ACH-001460,-20.411682,-1.4323771
ACH-001461,-28.76655,-7.1886
ACH-001484,-48.45502,-3.67012
ACH-001485,-46.146915,-7.6629086
ACH-001494,14.605042,15.455147
ACH-001495,-0.8842351,-18.150759
ACH-001496,-18.77433,6.3869987
ACH-001497,-16.99469,10.514257
ACH-001498,-48.80101,-3.5687208
ACH-001500,19.652014,16.442375
ACH-001509,2.9294152,16.064535
ACH-001510,7.9359007,13.506074
ACH-001511,8.199875,1.3053918
ACH-001513,-16.263548,-0.475508
ACH-001515,0.8868347,-2.8051112
ACH-001517,4.9230747,-13.533
ACH-001518,-11.538642,-13.509758
ACH-001520,-43.020645,-3.7992406
ACH-001521,8.572017,20.469053
ACH-001522,-9.147643,-9.084478
ACH-001523,-0.72937995,3.1020477
ACH-001524,-5.80693,9.084279
ACH-001525,-19.333982,-0.702964
ACH-001526,7.507728,-9.763715
ACH-001528,-3.799079,-10.776697
ACH-001529,-16.924416,5.627999
ACH-001530,-2.0200808,11.5278
ACH-001532,-6.53545,-13.516184
ACH-001533,-41.139282,-3.8616033
ACH-001536,39.13107,11.018695
ACH-001538,13.833818,22.014421
ACH-001539,-41.422707,-13.417686
ACH-001542,-5.149514,0.89225227
ACH-001543,14.384612,14.599781
ACH-001547,35.13328,22.064066
ACH-001548,-26.37884,-4.6438355
ACH-001549,-38.90513,-2.7719085
ACH-001550,24.622736,-8.395341
ACH-001551,16.671549,21.647818
ACH-001552,40.356102,9.6090765
ACH-001554,-15.457161,-5.022008
ACH-001555,15.410072,-10.693549
ACH-001556,12.511433,-15.894214
ACH-001557,24.269186,4.700046
ACH-001558,29.585432,-2.9516118
ACH-001559,9.186209,-3.3782275
ACH-001560,25.738276,18.53707
ACH-001562,26.916815,17.391436
ACH-001563,30.982162,14.250765
ACH-001566,-5.6771116,4.6933837
ACH-001567,30.311943,15.986156
ACH-001568,-8.507697,7.0272136
ACH-001570,3.1706905,6.179263
ACH-001574,-50.443584,-9.972472
ACH-001577,-44.48056,0.7210773
ACH-001603,-37.582287,-6.489168
ACH-001605,17.256607,5.963182
ACH-001607,21.907331,9.966952
ACH-001608,8.198192,9.24171
ACH-001609,25.5677,6.8591957
ACH-001610,-13.623066,-13.67956
ACH-001611,26.241337,5.571893
ACH-001616,-53.59027,-4.972889
ACH-001618,-54.731922,-3.6701157
ACH-001619,17.862467,4.2192297
ACH-001622,33.059883,15.689432
ACH-001623,34.225918,16.562386
ACH-001624,24.93496,2.5532947
ACH-001625,12.817067,17.99146
ACH-001626,11.755838,-11.643814
ACH-001627,-8.431601,4.2257476
ACH-001628,33.651432,21.72949
ACH-001630,7.6183157,3.534084
ACH-001632,-9.553069,-1.8935763
ACH-001634,-44.34224,-6.7573986
ACH-001641,-8.552877,1.3369626
ACH-001645,14.37442,0.14814721
ACH-001647,-52.72293,-7.7954116
ACH-001648,14.935202,12.632488
ACH-001649,-3.4727435,-19.405989
ACH-001650,12.249655,10.031082
ACH-001651,5.586191,-5.543997
ACH-001652,9.383083,-15.824792
ACH-001653,-2.7265515,4.6567698
ACH-001654,24.995533,12.824975
ACH-001655,3.2179585,-16.087656
ACH-001656,-43.86986,-2.916456
ACH-001664,15.069165,10.094661
ACH-001668,14.533482,16.253689
ACH-001669,-43.77917,-3.4101553
ACH-001670,-19.928165,-6.990726
ACH-001673,-1.6847055,3.656553
ACH-001674,-45.68181,-5.4582915
ACH-001677,-37.44763,-11.1569
ACH-001685,-22.390543,0.17781428
ACH-001687,-14.777111,-10.759668
ACH-001688,33.99916,23.214054
ACH-001690,12.496997,12.575605
ACH-001692,-5.2175407,6.7485256
ACH-001694,8.3363085,3.5527022
ACH-001696,12.807347,18.734737
ACH-001698,-4.110329,14.685008
ACH-001699,-15.324727,-9.825223
ACH-001701,-1.0985744,11.053394
ACH-001702,18.030584,-3.0003743
ACH-001707,-47.94016,-5.2915916
ACH-001709,-53.787453,-4.578795
ACH-001711,-1.1466516,-16.367714
ACH-001715,5.746036,-16.278461
ACH-001719,-6.4563546,-16.385187
ACH-001735,-48.87936,-6.3852415
ACH-001736,-48.75156,0.42361578
ACH-001737,-51.693325,-3.0912204
ACH-001740,-16.762836,-19.830141
ACH-001745,-16.65327,-19.605276
ACH-001750,17.732256,21.403341
ACH-001765,-19.35477,-4.062935
ACH-001786,-18.373613,-12.154723
ACH-001791,24.805502,19.983887
ACH-001793,29.325434,2.772313
ACH-001794,39.66557,15.608318
ACH-001795,36.435627,18.83289
ACH-001796,39.567043,14.652596
ACH-001799,22.57679,-9.277807
ACH-001802,11.979301,8.218263
ACH-001804,40.237854,15.953317
ACH-001814,18.510117,5.814187
ACH-001819,-14.071246,0.9089862
ACH-001820,-7.413201,-2.576434
ACH-001834,10.301658,-4.3979273
ACH-001835,-8.00668,-15.33594
ACH-001836,21.672644,-6.302282
ACH-001838,23.149967,17.97032
ACH-001839,12.866155,-3.7885535
ACH-001841,-7.811982,-14.60453
ACH-001842,-9.112914,-5.9057593
ACH-001843,38.344254,14.010396
ACH-001844,-4.102524,-5.703448
ACH-001848,23.86236,5.1541896
ACH-001849,7.706587,17.877708
ACH-001850,10.392767,-14.199209
ACH-001852,19.08794,15.296714
ACH-001853,-9.391677,5.577419
ACH-001856,34.8454,13.259013
ACH-001857,-5.167044,-18.826147
ACH-001858,28.62445,3.4138744
ACH-001861,-11.106437,-15.5878525
ACH-001862,31.11792,10.271059
ACH-001863,-7.616688,11.7607975
ACH-001864,-4.9827714,-1.376167
ACH-001959,38.21296,6.8723025
ACH-001960,5.7152967,9.656069
ACH-001961,-2.2902339,-12.728844
ACH-001970,-7.7850103,12.905754
ACH-001973,-1.1864015,-22.663168
ACH-001977,11.617807,-16.335003
ACH-001982,-11.825425,13.624997
ACH-001991,-41.86559,0.8436882
ACH-001992,30.358156,3.5007722
ACH-001993,-43.577515,-10.101204
ACH-001997,23.869915,18.624174
ACH-001999,-20.9211,8.429186
ACH-002001,26.707937,22.672548
ACH-002002,28.237503,23.381458
ACH-002003,26.989983,23.279987
ACH-002004,-0.50554174,-13.765119
ACH-002005,-9.825537,-23.21318
ACH-002014,-26.09006,-3.9061513
ACH-002015,34.46614,17.434744
ACH-002016,39.78149,10.421602
ACH-002017,9.256085,10.703779
ACH-002018,1.1203729,-7.613317
ACH-002019,-1.24393,6.85571
ACH-002021,-8.638688,0.76737595
ACH-002023,-2.852586,-14.606791
ACH-002024,-25.405811,-11.537253
ACH-002025,-8.133833,9.333234
ACH-002026,5.4108768,-15.036991
ACH-002027,-14.189539,-11.419542
ACH-002029,5.8270526,1.7857776
ACH-002039,-3.587744,10.63372
ACH-002041,22.321163,12.140271
ACH-002042,27.947046,17.658318
ACH-002044,-18.48542,-4.759103
ACH-002045,-21.238623,-9.57291
ACH-002046,21.490938,-9.931085
ACH-002048,-3.8261414,-12.902053
ACH-002055,-47.442398,-3.26913
ACH-002059,-48.3331,-0.21539362
ACH-002061,-38.558506,-11.420654
ACH-002062,-39.644905,0.35484165
ACH-002066,26.29958,12.091556
ACH-002067,-9.334592,-18.749857
ACH-002069,36.77413,12.122695
ACH-002080,-39.581257,-1.726806
ACH-002084,-0.17721443,3.5781894
ACH-002446,-10.627173,-18.313334
ACH-002458,0.17533305,-10.707639
ACH-002459,21.662043,6.8396063
ACH-002460,-1.2403258,-10.848175
ACH-002461,31.454588,18.676464
ACH-002462,40.200466,9.131733
ACH-002463,43.118126,14.621186
ACH-002464,43.937325,14.538329
ACH-002465,40.14035,8.720172
ACH-002467,43.17628,13.645449
ACH-002471,4.84198,-16.198286
ACH-002508,41.51078,10.241366
ACH-002510,-12.454693,11.832668
ACH-002511,19.699955,-2.076153
ACH-002647,12.763396,4.0544915
ACH-002659,-25.421324,-0.3249682
ACH-002664,6.6714416,5.4935684
ACH-002669,10.98583,0.36418837
ACH-002672,25.970037,16.501505
ACH-002680,43.080425,16.662079
ACH-002687,-16.450138,-21.116035
ACH-002693,8.570936,-10.2764
ACH-002710,35.423534,14.964557
ACH-002785,21.888704,-6.6263833
ACH-002800,22.856543,7.4049087
ACH-002834,30.826113,1.4161067
ACH-002847,32.70753,17.281227
ACH-002926,-21.691874,-7.3779283
